,Activation,Optimizer,Configuration,Data type,Averaged on Last Epoch,Averaged Max Achieved,Overall Max on Last Epoch,Overall Max Achieved,Averaged Max Epoch
233,elu,Adamax,"beta_1: 0.95, beta_2: 0.999",Normd,98.16199999999998,98.166,98.29,98.31,98
220,elu,Adadelta,rho: 0.99,Normd,98.072,98.16199999999998,98.11999999999999,98.31,67
543,selu,Adamax,Default,Std,98.136,98.15799999999999,98.25,98.31,78
209,elu,sgd,"Momentum: 0.9, Nesterov: True",Normd,98.11,98.13600000000001,98.2,98.27,89
26,elu,Adamax,Default,Normd,98.084,98.11999999999999,98.16,98.22,98
203,elu,sgd,"Momentum: 0.9, Nesterov: False",Normd,98.10400000000001,98.11200000000001,98.26,98.27,98
204,elu,sgd,"Momentum: 0.95, Nesterov: False",Normd,98.04,98.11,98.14,98.24000000000001,78
774,selu,Adadelta,rho: 0.99,Std,98.03599999999999,98.108,98.15,98.3,79
787,selu,Adamax,"beta_1: 0.95, beta_2: 0.999",Std,98.08999999999999,98.108,98.24000000000001,98.25,89
785,selu,Adamax,"beta_1: 0.99, beta_2: 0.9999",Std,98.038,98.10600000000001,98.08,98.22999999999999,80
788,selu,Adamax,"beta_1: 0.95, beta_2: 0.99",Std,97.994,98.10400000000001,98.11,98.29,69
22,elu,adam,Default,Normd,97.96800000000002,98.102,98.09,98.24000000000001,65
210,elu,sgd,"Momentum: 0.95, Nesterov: True",Normd,98.024,98.09400000000001,98.17,98.25,80
232,elu,Adamax,"beta_1: 0.99, beta_2: 0.999",Normd,98.07400000000001,98.092,98.21,98.22999999999999,80
783,selu,adam,"amsgrad: True, beta_1: 0.95, beta_2: 0.999",Std,97.99,98.092,98.08,98.37,65
757,selu,sgd,"Momentum: 0.9, Nesterov: False",Std,97.93,98.092,98.04,98.29,96
536,elu,Adamax,Default,Std,98.02199999999999,98.09,98.07000000000001,98.22,56
221,elu,Adadelta,rho: 0.999,Normd,98.06200000000001,98.08999999999999,98.2,98.22999999999999,98
237,elu,Adamax,"beta_1: 0.9, beta_2: 0.99",Normd,98.03200000000001,98.08999999999999,98.11999999999999,98.2,62
535,elu,Adadelta,Default,Std,97.958,98.08800000000002,98.02,98.21,47
234,elu,Adamax,"beta_1: 0.95, beta_2: 0.99",Normd,98.072,98.084,98.11,98.28,98
786,selu,Adamax,"beta_1: 0.99, beta_2: 0.999",Std,98.00999999999999,98.084,98.18,98.28,89
219,elu,Adadelta,rho: 0.9,Normd,98.058,98.08399999999999,98.15,98.22999999999999,97
763,selu,sgd,"Momentum: 0.9, Nesterov: True",Std,98.00999999999999,98.078,98.08,98.19,94
227,elu,adam,"amsgrad: True, beta_1: 0.95, beta_2: 0.9999",Normd,97.984,98.07600000000001,98.1,98.26,84
782,selu,adam,"amsgrad: True, beta_1: 0.9, beta_2: 0.999",Std,98.046,98.07599999999998,98.15,98.27,44
773,selu,Adadelta,rho: 0.9,Std,98.018,98.07599999999998,98.19,98.21,87
228,elu,adam,"amsgrad: True, beta_1: 0.9, beta_2: 0.999",Normd,98.074,98.074,98.16,98.22999999999999,99
264,selu,Adadelta,rho: 0.99,Normd,98.006,98.072,98.11,98.16,59
742,elu,Adamax,"beta_1: 0.99, beta_2: 0.999",Std,97.96799999999999,98.066,98.06,98.18,71
791,selu,Adamax,"beta_1: 0.9, beta_2: 0.99",Std,97.97399999999999,98.066,98.08,98.2,92
214,elu,rmsp,rho: 0.99,Normd,97.984,98.06000000000002,98.07000000000001,98.19,61
216,elu,rmsp,rho: 0.999,Normd,98.024,98.06000000000002,98.1,98.21,71
224,elu,adam,"amsgrad: False, beta_1: 0.9, beta_2: 0.999",Normd,97.97200000000001,98.05999999999999,98.06,98.19,61
261,selu,rmsp,rho: 0.9999,Normd,97.934,98.056,98.02,98.17,67
230,elu,adam,"amsgrad: True, beta_1: 0.9, beta_2: 0.9999",Normd,97.99,98.054,98.13,98.22999999999999,61
215,elu,rmsp,rho: 0.95,Normd,97.98,98.05399999999999,98.0,98.22,45
719,elu,sgd,"Momentum: 0.9, Nesterov: True",Std,97.95400000000001,98.05399999999999,98.19,98.26,71
229,elu,adam,"amsgrad: True, beta_1: 0.95, beta_2: 0.999",Normd,97.97200000000001,98.05199999999999,98.07000000000001,98.27,83
542,selu,Adadelta,Default,Std,97.998,98.05199999999999,98.16,98.19,63
308,softplus,Adadelta,rho: 0.99,Normd,97.96199999999999,98.048,98.00999999999999,98.16,97
223,elu,adam,"amsgrad: False, beta_1: 0.95, beta_2: 0.9999",Normd,97.92200000000001,98.046,98.0,98.18,79
741,elu,Adamax,"beta_1: 0.99, beta_2: 0.9999",Std,98.046,98.046,98.09,98.15,99
539,selu,adam,Default,Std,97.916,98.038,98.06,98.22999999999999,60
729,elu,Adadelta,rho: 0.9,Std,97.848,98.038,97.94,98.19,52
268,selu,adam,"amsgrad: False, beta_1: 0.9, beta_2: 0.999",Normd,97.98199999999999,98.03599999999999,98.16,98.22,78
784,selu,adam,"amsgrad: True, beta_1: 0.9, beta_2: 0.9999",Std,97.85199999999999,98.03200000000001,97.99,98.24000000000001,37
231,elu,Adamax,"beta_1: 0.99, beta_2: 0.9999",Normd,97.996,98.03200000000001,98.13,98.27,94
271,selu,adam,"amsgrad: True, beta_1: 0.95, beta_2: 0.9999",Normd,97.956,98.03200000000001,98.05,98.22999999999999,86
235,elu,Adamax,"beta_1: 0.95, beta_2: 0.95",Normd,97.90599999999999,98.026,97.98,98.17,68
738,elu,adam,"amsgrad: True, beta_1: 0.9, beta_2: 0.999",Std,97.894,98.022,98.0,98.17,39
226,elu,adam,"amsgrad: False, beta_1: 0.9, beta_2: 0.9999",Normd,97.936,98.02199999999999,97.99,98.17,75
777,selu,adam,"amsgrad: False, beta_1: 0.95, beta_2: 0.9999",Std,97.866,98.02,98.1,98.2,83
781,selu,adam,"amsgrad: True, beta_1: 0.95, beta_2: 0.9999",Std,97.976,98.018,98.03,98.16,93
21,elu,rmsp,Default,Normd,97.88,98.01599999999999,97.92999999999999,98.17,69
532,elu,adam,Default,Std,97.84199999999998,98.00799999999998,97.98,98.22,49
744,elu,Adamax,"beta_1: 0.95, beta_2: 0.99",Std,97.908,98.00799999999998,97.98,98.18,66
254,selu,sgd,"Momentum: 0.95, Nesterov: True",Normd,97.874,98.00600000000001,98.0,98.17,94
730,elu,Adadelta,rho: 0.99,Std,97.952,98.006,98.0,98.14,97
768,selu,rmsp,rho: 0.99,Std,97.912,98.006,97.95,98.17,75
743,elu,Adamax,"beta_1: 0.95, beta_2: 0.999",Std,97.97200000000001,98.004,98.09,98.15,78
538,selu,rmsp,Default,Std,97.86800000000001,98.002,98.08,98.17,33
770,selu,rmsp,rho: 0.999,Std,97.73400000000001,98.002,97.92999999999999,98.14,48
29,selu,adam,Default,Normd,97.988,98.002,98.08,98.22,94
713,elu,sgd,"Momentum: 0.9, Nesterov: False",Std,97.976,98.00000000000001,98.16,98.18,98
225,elu,adam,"amsgrad: False, beta_1: 0.95, beta_2: 0.999",Normd,97.94800000000001,97.998,98.11,98.24000000000001,50
778,selu,adam,"amsgrad: False, beta_1: 0.9, beta_2: 0.999",Std,97.85600000000001,97.99799999999999,98.0,98.18,42
260,selu,rmsp,rho: 0.999,Normd,97.942,97.99799999999999,98.06,98.19,77
270,selu,adam,"amsgrad: False, beta_1: 0.9, beta_2: 0.9999",Normd,97.97600000000001,97.99799999999999,98.06,98.2,86
238,elu,Adamax,"beta_1: 0.9, beta_2: 0.95",Normd,97.96199999999999,97.99799999999999,98.1,98.2,61
739,elu,adam,"amsgrad: True, beta_1: 0.95, beta_2: 0.999",Std,97.89000000000001,97.996,98.00999999999999,98.17,89
267,selu,adam,"amsgrad: False, beta_1: 0.95, beta_2: 0.9999",Normd,97.956,97.996,98.11,98.15,98
265,selu,Adadelta,rho: 0.999,Normd,97.96800000000002,97.994,98.09,98.2,96
258,selu,rmsp,rho: 0.99,Normd,97.896,97.994,97.97,98.13,98
248,selu,sgd,"Momentum: 0.95, Nesterov: False",Normd,97.97799999999998,97.994,98.07000000000001,98.21,95
737,elu,adam,"amsgrad: True, beta_1: 0.95, beta_2: 0.9999",Std,97.918,97.99200000000002,98.05,98.11999999999999,88
769,selu,rmsp,rho: 0.95,Std,97.82600000000001,97.99199999999999,97.97,98.32,49
247,selu,sgd,"Momentum: 0.9, Nesterov: False",Normd,97.99199999999999,97.99199999999999,98.15,98.15,99
279,selu,Adamax,"beta_1: 0.95, beta_2: 0.95",Normd,97.94599999999998,97.988,98.09,98.21,59
282,selu,Adamax,"beta_1: 0.9, beta_2: 0.95",Normd,97.924,97.986,98.00999999999999,98.14,92
779,selu,adam,"amsgrad: False, beta_1: 0.95, beta_2: 0.999",Std,97.87800000000001,97.986,98.0,98.22,68
735,elu,adam,"amsgrad: False, beta_1: 0.95, beta_2: 0.999",Std,97.83,97.986,97.99,98.11999999999999,50
273,selu,adam,"amsgrad: True, beta_1: 0.95, beta_2: 0.999",Normd,97.97,97.984,98.00999999999999,98.1,96
28,selu,rmsp,Default,Normd,97.89999999999999,97.98200000000001,97.99,98.2,80
32,selu,Adadelta,Default,Normd,97.89999999999999,97.98200000000001,98.02,98.13,97
25,elu,Adadelta,Default,Normd,97.944,97.98199999999999,98.03,98.11999999999999,97
241,elu,Nadam,"beta_1: 0.95, beta_2: 0.99",Normd,97.838,97.98199999999999,97.96000000000001,98.16,29
27,elu,Nadam,Default,Normd,97.88200000000002,97.98,98.02,98.21,19
325,softplus,Adamax,"beta_1: 0.9, beta_2: 0.99",Normd,97.942,97.98,98.1,98.1,95
792,selu,Adamax,"beta_1: 0.9, beta_2: 0.95",Std,97.87799999999999,97.97800000000001,98.02,98.16,37
278,selu,Adamax,"beta_1: 0.95, beta_2: 0.99",Normd,97.934,97.97399999999999,98.03,98.16,88
276,selu,Adamax,"beta_1: 0.99, beta_2: 0.999",Normd,97.96199999999999,97.97,98.03,98.11,95
269,selu,adam,"amsgrad: False, beta_1: 0.95, beta_2: 0.999",Normd,97.88399999999999,97.96999999999998,98.11,98.13,90
272,selu,adam,"amsgrad: True, beta_1: 0.9, beta_2: 0.999",Normd,97.918,97.96800000000002,98.0,98.09,97
281,selu,Adamax,"beta_1: 0.9, beta_2: 0.99",Normd,97.908,97.96799999999999,98.03,98.18,98
266,selu,Adadelta,rho: 0.9999,Normd,97.776,97.966,97.9,98.21,92
780,selu,adam,"amsgrad: False, beta_1: 0.9, beta_2: 0.9999",Std,97.874,97.966,97.99,98.17,63
277,selu,Adamax,"beta_1: 0.95, beta_2: 0.999",Normd,97.93199999999999,97.96400000000001,98.03,98.19,96
733,elu,adam,"amsgrad: False, beta_1: 0.95, beta_2: 0.9999",Std,97.858,97.96400000000001,98.03,98.11999999999999,52
831,softplus,Adamax,"beta_1: 0.95, beta_2: 0.999",Std,97.962,97.96400000000001,98.06,98.11999999999999,78
747,elu,Adamax,"beta_1: 0.9, beta_2: 0.99",Std,97.87000000000002,97.962,97.96000000000001,98.11,61
740,elu,adam,"amsgrad: True, beta_1: 0.9, beta_2: 0.9999",Std,97.782,97.96199999999999,97.98,98.22999999999999,70
263,selu,Adadelta,rho: 0.9,Normd,97.96000000000001,97.96000000000001,98.06,98.06,99
728,elu,Adadelta,rho: 0.5,Std,97.918,97.96,97.97,98.2,82
284,selu,Nadam,"beta_1: 0.95, beta_2: 0.999",Normd,97.834,97.958,98.06,98.09,80
274,selu,adam,"amsgrad: True, beta_1: 0.9, beta_2: 0.9999",Normd,97.928,97.958,98.11,98.15,93
772,selu,Adadelta,rho: 0.5,Std,97.92,97.95200000000001,98.09,98.14,96
725,elu,rmsp,rho: 0.95,Std,97.71000000000001,97.95,97.77,98.07000000000001,36
244,elu,Nadam,"beta_1: 0.9, beta_2: 0.9",Normd,97.804,97.95,97.97,98.2,52
40,softplus,Adamax,Default,Normd,97.924,97.94800000000001,98.06,98.1,98
322,softplus,Adamax,"beta_1: 0.95, beta_2: 0.99",Normd,97.908,97.94600000000001,98.05,98.13,84
33,selu,Adamax,Default,Normd,97.94600000000001,97.94600000000001,98.13,98.13,99
285,selu,Nadam,"beta_1: 0.95, beta_2: 0.99",Normd,97.81400000000001,97.944,98.07000000000001,98.16,86
286,selu,Nadam,"beta_1: 0.95, beta_2: 0.95",Normd,97.864,97.942,97.95,98.11999999999999,57
236,elu,Adamax,"beta_1: 0.9, beta_2: 0.9",Normd,97.864,97.94,97.95,98.14,56
321,softplus,Adamax,"beta_1: 0.95, beta_2: 0.999",Normd,97.916,97.94,98.02,98.04,98
830,softplus,Adamax,"beta_1: 0.99, beta_2: 0.999",Std,97.872,97.934,97.95,98.05,83
775,selu,Adadelta,rho: 0.999,Std,97.81600000000002,97.934,97.89,98.08,92
259,selu,rmsp,rho: 0.95,Normd,97.896,97.932,98.02,98.11999999999999,74
283,selu,Nadam,"beta_1: 0.9, beta_2: 0.99",Normd,97.836,97.92999999999999,98.0,98.14,95
734,elu,adam,"amsgrad: False, beta_1: 0.9, beta_2: 0.999",Std,97.85999999999999,97.92999999999999,97.96000000000001,98.11999999999999,49
280,selu,Adamax,"beta_1: 0.9, beta_2: 0.9",Normd,97.828,97.928,97.97,98.18,89
724,elu,rmsp,rho: 0.99,Std,97.812,97.922,97.91,98.11999999999999,51
550,softplus,Adamax,Default,Std,97.88799999999999,97.918,98.07000000000001,98.13,78
540,selu,sgd,Default,Std,97.88799999999999,97.918,98.00999999999999,98.03,98
712,elu,sgd,"Momentum: 0.1, Nesterov: False",Std,97.898,97.91799999999998,97.97,98.03,95
242,elu,Nadam,"beta_1: 0.95, beta_2: 0.95",Normd,97.758,97.916,97.85000000000001,98.11999999999999,44
307,softplus,Adadelta,rho: 0.9,Normd,97.88600000000001,97.916,97.96000000000001,98.07000000000001,92
239,elu,Nadam,"beta_1: 0.9, beta_2: 0.99",Normd,97.85600000000001,97.91400000000002,98.1,98.1,79
218,elu,Adadelta,rho: 0.5,Normd,97.872,97.91399999999999,98.04,98.09,96
736,elu,adam,"amsgrad: False, beta_1: 0.9, beta_2: 0.9999",Std,97.786,97.912,98.09,98.15,61
789,selu,Adamax,"beta_1: 0.95, beta_2: 0.95",Std,97.786,97.908,97.97,98.15,38
718,elu,sgd,"Momentum: 0.1, Nesterov: True",Std,97.89999999999999,97.90600000000002,97.94,98.06,94
245,elu,Nadam,"beta_1: 0.9, beta_2: 0.95",Normd,97.81400000000001,97.90400000000001,98.02,98.11,31
531,elu,rmsp,Default,Std,97.72800000000001,97.90199999999999,97.78,98.05,44
312,softplus,adam,"amsgrad: False, beta_1: 0.9, beta_2: 0.999",Normd,97.84200000000001,97.90199999999999,97.94,98.03,84
714,elu,sgd,"Momentum: 0.95, Nesterov: False",Std,97.84200000000001,97.89999999999999,97.9,98.09,96
762,selu,sgd,"Momentum: 0.1, Nesterov: True",Std,97.898,97.898,98.07000000000001,98.07000000000001,99
756,selu,sgd,"Momentum: 0.1, Nesterov: False",Std,97.874,97.898,98.03,98.1,98
253,selu,sgd,"Momentum: 0.9, Nesterov: True",Normd,97.874,97.898,97.95,98.02,98
303,softplus,rmsp,rho: 0.95,Normd,97.848,97.898,97.9,98.04,43
240,elu,Nadam,"beta_1: 0.95, beta_2: 0.999",Normd,97.78800000000001,97.894,97.89,98.06,53
835,softplus,Adamax,"beta_1: 0.9, beta_2: 0.99",Std,97.798,97.894,97.85000000000001,98.08,39
534,elu,Adagrad,Default,Std,97.89200000000001,97.89200000000001,97.91,97.99,99
243,elu,Nadam,"beta_1: 0.95, beta_2: 0.9",Normd,97.668,97.89,97.85000000000001,98.15,66
34,selu,Nadam,Default,Normd,97.75399999999999,97.89,97.84,98.1,42
827,softplus,adam,"amsgrad: True, beta_1: 0.95, beta_2: 0.999",Std,97.77000000000001,97.88799999999999,97.84,98.04,60
289,selu,Nadam,"beta_1: 0.9, beta_2: 0.95",Normd,97.844,97.88799999999999,97.95,98.05,51
304,softplus,rmsp,rho: 0.999,Normd,97.778,97.88600000000001,97.86,98.02,58
824,softplus,adam,"amsgrad: False, beta_1: 0.9, beta_2: 0.9999",Std,97.66199999999999,97.88599999999998,97.76,98.0,49
288,selu,Nadam,"beta_1: 0.9, beta_2: 0.9",Normd,97.772,97.882,97.92999999999999,98.06,70
316,softplus,adam,"amsgrad: True, beta_1: 0.9, beta_2: 0.999",Normd,97.838,97.88,97.98,98.00999999999999,86
761,selu,sgd,"Momentum: 0.0, Nesterov: True",Std,97.82,97.88,97.89,98.00999999999999,98
829,softplus,Adamax,"beta_1: 0.99, beta_2: 0.9999",Std,97.796,97.87800000000001,97.99,98.07000000000001,68
807,softplus,sgd,"Momentum: 0.9, Nesterov: True",Std,97.812,97.87799999999999,97.88,98.00999999999999,95
790,selu,Adamax,"beta_1: 0.9, beta_2: 0.9",Std,97.762,97.874,97.87,98.03,29
726,elu,rmsp,rho: 0.999,Std,97.85999999999999,97.874,98.00999999999999,98.13,64
828,softplus,adam,"amsgrad: True, beta_1: 0.9, beta_2: 0.9999",Std,97.65799999999999,97.874,97.77,97.99,40
767,selu,rmsp,rho: 0.5,Std,97.706,97.868,97.85000000000001,98.06,53
832,softplus,Adamax,"beta_1: 0.95, beta_2: 0.99",Std,97.72000000000001,97.868,97.82,98.00999999999999,44
287,selu,Nadam,"beta_1: 0.95, beta_2: 0.9",Normd,97.774,97.866,97.98,98.1,72
313,softplus,adam,"amsgrad: False, beta_1: 0.95, beta_2: 0.999",Normd,97.762,97.864,97.85000000000001,98.04,60
745,elu,Adamax,"beta_1: 0.95, beta_2: 0.95",Std,97.72000000000001,97.864,97.74000000000001,98.09,27
717,elu,sgd,"Momentum: 0.0, Nesterov: True",Std,97.844,97.864,97.92,98.02,87
302,softplus,rmsp,rho: 0.99,Normd,97.712,97.86399999999999,97.75,98.00999999999999,47
181,relu,adam,"amsgrad: False, beta_1: 0.95, beta_2: 0.999",Normd,97.796,97.862,97.95,98.05,39
317,softplus,adam,"amsgrad: True, beta_1: 0.95, beta_2: 0.999",Normd,97.796,97.862,97.85000000000001,97.99,49
549,softplus,Adadelta,Default,Std,97.65999999999998,97.85600000000001,97.84,98.00999999999999,45
315,softplus,adam,"amsgrad: True, beta_1: 0.95, beta_2: 0.9999",Normd,97.78399999999999,97.85600000000001,97.86,98.0,56
309,softplus,Adadelta,rho: 0.999,Normd,97.804,97.85600000000001,98.02,98.02,79
748,elu,Adamax,"beta_1: 0.9, beta_2: 0.95",Std,97.658,97.854,97.77,98.05,37
723,elu,rmsp,rho: 0.5,Std,97.68599999999999,97.85199999999999,97.85000000000001,98.05,31
731,elu,Adadelta,rho: 0.999,Std,97.678,97.85199999999999,97.8,98.00999999999999,77
36,softplus,adam,Default,Normd,97.70200000000001,97.85000000000001,97.81,97.99,66
533,elu,sgd,Default,Std,97.83800000000001,97.848,97.97,98.04,96
822,softplus,adam,"amsgrad: False, beta_1: 0.9, beta_2: 0.999",Std,97.70400000000001,97.846,97.78,98.00999999999999,21
318,softplus,adam,"amsgrad: True, beta_1: 0.9, beta_2: 0.9999",Normd,97.74800000000002,97.84599999999999,97.87,98.02,86
720,elu,sgd,"Momentum: 0.95, Nesterov: True",Std,97.78999999999999,97.844,97.88,98.03,73
19,relu,Adamax,Default,Normd,97.72799999999998,97.844,97.8,97.98,54
319,softplus,Adamax,"beta_1: 0.99, beta_2: 0.9999",Normd,97.84,97.84,97.88,97.96000000000001,99
694,relu,adam,"amsgrad: True, beta_1: 0.9, beta_2: 0.999",Std,97.70400000000001,97.836,97.85000000000001,98.00999999999999,41
320,softplus,Adamax,"beta_1: 0.99, beta_2: 0.999",Normd,97.836,97.836,97.95,97.96000000000001,99
326,softplus,Adamax,"beta_1: 0.9, beta_2: 0.95",Normd,97.668,97.834,97.82,97.92999999999999,44
291,softplus,sgd,"Momentum: 0.9, Nesterov: False",Normd,97.83200000000001,97.83200000000001,97.96000000000001,97.99,99
546,softplus,adam,Default,Std,97.638,97.83000000000001,97.76,98.0,19
801,softplus,sgd,"Momentum: 0.9, Nesterov: False",Std,97.78399999999999,97.83000000000001,97.87,98.02,88
826,softplus,adam,"amsgrad: True, beta_1: 0.9, beta_2: 0.999",Std,97.78399999999999,97.83,97.95,98.07000000000001,44
818,softplus,Adadelta,rho: 0.99,Std,97.774,97.828,97.87,97.99,65
222,elu,Adadelta,rho: 0.9999,Normd,97.718,97.82600000000001,97.99,98.11,79
795,selu,Nadam,"beta_1: 0.95, beta_2: 0.99",Std,97.618,97.82600000000001,97.8,98.1,46
311,softplus,adam,"amsgrad: False, beta_1: 0.95, beta_2: 0.9999",Normd,97.732,97.82600000000001,97.8,98.00999999999999,74
823,softplus,adam,"amsgrad: False, beta_1: 0.95, beta_2: 0.999",Std,97.72999999999999,97.82400000000001,97.99,98.02,26
764,selu,sgd,"Momentum: 0.95, Nesterov: True",Std,97.70200000000001,97.82399999999998,97.9,98.02,74
275,selu,Adamax,"beta_1: 0.99, beta_2: 0.9999",Normd,97.782,97.822,97.87,97.98,98
323,softplus,Adamax,"beta_1: 0.95, beta_2: 0.95",Normd,97.654,97.822,97.71,98.0,47
297,softplus,sgd,"Momentum: 0.9, Nesterov: True",Normd,97.79800000000002,97.82,97.91,98.02,95
188,relu,Adamax,"beta_1: 0.99, beta_2: 0.999",Normd,97.742,97.81800000000001,97.92,97.97,74
812,softplus,rmsp,rho: 0.99,Std,97.68599999999999,97.81600000000002,97.72999999999999,97.98,26
825,softplus,adam,"amsgrad: True, beta_1: 0.95, beta_2: 0.9999",Std,97.74,97.81400000000001,97.87,97.99,45
327,softplus,Nadam,"beta_1: 0.9, beta_2: 0.99",Normd,97.676,97.812,97.75,98.00999999999999,33
213,elu,rmsp,rho: 0.5,Normd,97.736,97.81,97.91,97.96000000000001,94
41,softplus,Nadam,Default,Normd,97.60199999999999,97.808,97.64,97.98,41
314,softplus,adam,"amsgrad: False, beta_1: 0.9, beta_2: 0.9999",Normd,97.78799999999998,97.80799999999999,97.92,97.98,76
758,selu,sgd,"Momentum: 0.95, Nesterov: False",Std,97.64999999999999,97.80799999999999,97.88,97.98,97
165,relu,sgd,"Momentum: 0.9, Nesterov: True",Normd,97.72399999999999,97.806,97.8,98.02,65
794,selu,Nadam,"beta_1: 0.95, beta_2: 0.999",Std,97.65,97.804,97.72,98.05,90
292,softplus,sgd,"Momentum: 0.95, Nesterov: False",Normd,97.75399999999999,97.8,97.84,97.95,95
817,softplus,Adadelta,rho: 0.9,Std,97.59,97.798,97.67,97.96000000000001,73
122,tanh,sgd,"Momentum: 0.95, Nesterov: True",Normd,97.698,97.796,97.72999999999999,97.92,96
298,softplus,sgd,"Momentum: 0.95, Nesterov: True",Normd,97.70800000000001,97.794,97.86,97.98,89
821,softplus,adam,"amsgrad: False, beta_1: 0.95, beta_2: 0.9999",Std,97.57200000000002,97.79200000000002,97.77,97.98,86
544,selu,Nadam,Default,Std,97.602,97.79199999999999,97.77,97.96000000000001,29
187,relu,Adamax,"beta_1: 0.99, beta_2: 0.9999",Normd,97.75600000000001,97.78800000000001,97.9,98.00999999999999,88
699,relu,Adamax,"beta_1: 0.95, beta_2: 0.999",Std,97.65,97.782,97.76,97.92,63
186,relu,adam,"amsgrad: True, beta_1: 0.9, beta_2: 0.9999",Normd,97.668,97.782,97.85000000000001,98.03,95
159,relu,sgd,"Momentum: 0.9, Nesterov: False",Normd,97.73399999999998,97.782,97.83,97.95,91
333,softplus,Nadam,"beta_1: 0.9, beta_2: 0.95",Normd,97.44800000000001,97.77799999999999,97.65,98.02,18
749,elu,Nadam,"beta_1: 0.9, beta_2: 0.99",Std,97.542,97.77600000000002,97.66,97.92999999999999,40
115,tanh,sgd,"Momentum: 0.9, Nesterov: False",Normd,97.712,97.776,97.84,97.9,82
145,tanh,Adamax,"beta_1: 0.95, beta_2: 0.999",Normd,97.688,97.776,97.84,97.95,96
750,elu,Nadam,"beta_1: 0.95, beta_2: 0.999",Std,97.66,97.774,97.75,97.99,85
166,relu,sgd,"Momentum: 0.95, Nesterov: True",Normd,97.664,97.774,97.76,97.97,83
305,softplus,rmsp,rho: 0.9999,Normd,97.66199999999999,97.772,97.72,97.99,38
690,relu,adam,"amsgrad: False, beta_1: 0.9, beta_2: 0.999",Std,97.66199999999999,97.77000000000001,97.77,98.03,56
793,selu,Nadam,"beta_1: 0.9, beta_2: 0.99",Std,97.59,97.77,97.82,98.07000000000001,38
328,softplus,Nadam,"beta_1: 0.95, beta_2: 0.999",Normd,97.614,97.76800000000001,97.65,97.96000000000001,40
35,softplus,rmsp,Default,Normd,97.636,97.76599999999999,97.69,97.9,45
814,softplus,rmsp,rho: 0.999,Std,97.70200000000001,97.76599999999999,97.97,97.97,35
39,softplus,Adadelta,Default,Normd,97.74199999999999,97.76400000000001,97.91,97.94,94
183,relu,adam,"amsgrad: True, beta_1: 0.95, beta_2: 0.9999",Normd,97.70199999999998,97.76400000000001,97.91,98.00999999999999,33
121,tanh,sgd,"Momentum: 0.9, Nesterov: True",Normd,97.746,97.76000000000002,97.91,97.91,74
537,elu,Nadam,Default,Std,97.57200000000002,97.76,97.76,98.06,37
79,sigmoid,sgd,"Momentum: 0.99, Nesterov: True",Normd,97.69,97.758,97.86,97.89,79
329,softplus,Nadam,"beta_1: 0.95, beta_2: 0.99",Normd,97.64200000000001,97.758,97.71,97.92999999999999,48
176,relu,Adadelta,rho: 0.99,Normd,97.652,97.75600000000001,97.71,97.89,54
526,relu,sgd,Default,Std,97.682,97.75399999999999,97.82,97.95,97
799,selu,Nadam,"beta_1: 0.9, beta_2: 0.95",Std,97.518,97.752,97.59,97.92999999999999,26
669,relu,sgd,"Momentum: 0.9, Nesterov: False",Std,97.604,97.752,97.69,97.89,46
177,relu,Adadelta,rho: 0.999,Normd,97.66,97.75,97.87,97.9,81
160,relu,sgd,"Momentum: 0.95, Nesterov: False",Normd,97.72800000000001,97.75,97.87,97.99,93
180,relu,adam,"amsgrad: False, beta_1: 0.9, beta_2: 0.999",Normd,97.586,97.75,97.67,97.92,50
92,sigmoid,adam,"amsgrad: False, beta_1: 0.9, beta_2: 0.999",Normd,97.61599999999999,97.75,97.8,97.91,83
796,selu,Nadam,"beta_1: 0.95, beta_2: 0.95",Std,97.5,97.74800000000002,97.61,97.96000000000001,25
195,relu,Nadam,"beta_1: 0.9, beta_2: 0.99",Normd,97.58000000000001,97.74799999999999,97.78,97.89,30
170,relu,rmsp,rho: 0.99,Normd,97.63400000000001,97.744,97.72999999999999,97.91,46
541,selu,Adagrad,Default,Std,97.72999999999999,97.744,97.81,97.86,85
143,tanh,Adamax,"beta_1: 0.99, beta_2: 0.9999",Normd,97.696,97.744,97.78999999999999,98.02,98
525,relu,adam,Default,Std,97.58800000000001,97.744,97.77,98.0,81
102,sigmoid,Adamax,"beta_1: 0.95, beta_2: 0.99",Normd,97.708,97.742,97.94,98.0,95
12,tanh,Adamax,Default,Normd,97.67999999999999,97.73799999999999,97.78,97.83,97
144,tanh,Adamax,"beta_1: 0.99, beta_2: 0.999",Normd,97.69400000000002,97.73799999999999,97.78999999999999,97.9,89
189,relu,Adamax,"beta_1: 0.95, beta_2: 0.999",Normd,97.688,97.73599999999998,97.87,97.89,54
257,selu,rmsp,rho: 0.5,Normd,97.7,97.732,97.75,97.89,82
131,tanh,Adadelta,rho: 0.9,Normd,97.64000000000001,97.732,97.69,97.94,92
808,softplus,sgd,"Momentum: 0.95, Nesterov: True",Std,97.576,97.72999999999999,97.74000000000001,97.97,37
396,hard_sigmoid,Adadelta,rho: 0.99,Normd,97.69200000000001,97.72999999999999,97.72999999999999,97.87,88
529,relu,Adamax,Default,Std,97.636,97.72999999999999,97.76,97.9,52
88,sigmoid,Adadelta,rho: 0.99,Normd,97.696,97.72800000000001,97.81,97.86,93
746,elu,Adamax,"beta_1: 0.9, beta_2: 0.9",Std,97.60799999999999,97.726,97.67,97.99,42
397,hard_sigmoid,Adadelta,rho: 0.999,Normd,97.674,97.726,97.76,97.88,91
548,softplus,Adagrad,Default,Std,97.684,97.726,97.71,97.78999999999999,96
184,relu,adam,"amsgrad: True, beta_1: 0.9, beta_2: 0.999",Normd,97.62,97.72599999999998,97.9,97.91,69
179,relu,adam,"amsgrad: False, beta_1: 0.95, beta_2: 0.9999",Normd,97.592,97.722,97.72,97.98,80
89,sigmoid,Adadelta,rho: 0.999,Normd,97.652,97.722,97.74000000000001,97.86,73
674,relu,sgd,"Momentum: 0.1, Nesterov: True",Std,97.59599999999999,97.722,97.71,97.91,96
689,relu,adam,"amsgrad: False, beta_1: 0.95, beta_2: 0.9999",Std,97.60199999999999,97.72000000000001,97.78999999999999,98.07000000000001,60
698,relu,Adamax,"beta_1: 0.99, beta_2: 0.999",Std,97.65599999999999,97.72000000000001,97.75,97.92,60
324,softplus,Adamax,"beta_1: 0.9, beta_2: 0.9",Normd,97.198,97.718,97.41,97.88,21
387,hard_sigmoid,sgd,"Momentum: 0.99, Nesterov: True",Normd,97.592,97.71600000000001,97.76,97.91,63
149,tanh,Adamax,"beta_1: 0.9, beta_2: 0.99",Normd,97.712,97.716,97.87,97.88,61
146,tanh,Adamax,"beta_1: 0.95, beta_2: 0.99",Normd,97.62,97.714,97.7,97.86,85
132,tanh,Adadelta,rho: 0.99,Normd,97.65599999999999,97.712,97.72999999999999,97.88,84
185,relu,adam,"amsgrad: True, beta_1: 0.95, beta_2: 0.999",Normd,97.63999999999999,97.70999999999998,97.71,97.85000000000001,64
116,tanh,sgd,"Momentum: 0.95, Nesterov: False",Normd,97.674,97.70800000000001,97.88,97.89,91
82,sigmoid,rmsp,rho: 0.99,Normd,97.654,97.708,97.71,97.9,90
193,relu,Adamax,"beta_1: 0.9, beta_2: 0.99",Normd,97.594,97.708,97.69,97.89,67
693,relu,adam,"amsgrad: True, beta_1: 0.95, beta_2: 0.9999",Std,97.708,97.708,97.91,97.96000000000001,99
755,elu,Nadam,"beta_1: 0.9, beta_2: 0.95",Std,97.29599999999999,97.706,97.39,97.89,31
330,softplus,Nadam,"beta_1: 0.95, beta_2: 0.95",Normd,97.456,97.706,97.64,97.84,28
262,selu,Adadelta,rho: 0.5,Normd,97.684,97.706,97.75,97.8,96
691,relu,adam,"amsgrad: False, beta_1: 0.95, beta_2: 0.999",Std,97.622,97.706,97.9,97.99,62
680,relu,rmsp,rho: 0.99,Std,97.55,97.70400000000002,97.75,97.92999999999999,54
751,elu,Nadam,"beta_1: 0.95, beta_2: 0.99",Std,97.61800000000001,97.70400000000001,97.8,97.9,65
675,relu,sgd,"Momentum: 0.9, Nesterov: True",Std,97.61400000000002,97.70400000000001,97.67,97.86,55
336,softsign,sgd,"Momentum: 0.95, Nesterov: False",Normd,97.66199999999999,97.704,97.82,97.82,85
18,relu,Adadelta,Default,Normd,97.63,97.70199999999998,97.72,97.88,87
819,softplus,Adadelta,rho: 0.999,Std,97.58200000000001,97.7,97.69,97.87,91
802,softplus,sgd,"Momentum: 0.95, Nesterov: False",Std,97.682,97.698,97.76,98.04,42
103,sigmoid,Adamax,"beta_1: 0.95, beta_2: 0.95",Normd,97.646,97.698,97.8,97.87,92
105,sigmoid,Adamax,"beta_1: 0.9, beta_2: 0.99",Normd,97.664,97.698,97.76,97.89,77
833,softplus,Adamax,"beta_1: 0.95, beta_2: 0.95",Std,97.30399999999999,97.696,97.47,97.91,28
182,relu,adam,"amsgrad: False, beta_1: 0.9, beta_2: 0.9999",Normd,97.58600000000001,97.696,97.74000000000001,97.92,81
696,relu,adam,"amsgrad: True, beta_1: 0.9, beta_2: 0.9999",Std,97.54599999999999,97.696,97.63,97.84,47
190,relu,Adamax,"beta_1: 0.95, beta_2: 0.99",Normd,97.542,97.69400000000002,97.7,97.85000000000001,37
392,hard_sigmoid,rmsp,rho: 0.999,Normd,97.54599999999999,97.69399999999999,97.59,97.84,40
380,hard_sigmoid,sgd,"Momentum: 0.95, Nesterov: False",Normd,97.682,97.69200000000001,97.87,97.91,95
197,relu,Nadam,"beta_1: 0.95, beta_2: 0.99",Normd,97.53399999999999,97.69,97.59,97.83,28
11,tanh,Adadelta,Default,Normd,97.656,97.68799999999999,97.85000000000001,97.85000000000001,96
527,relu,Adagrad,Default,Std,97.656,97.68799999999999,97.84,97.87,94
352,softsign,Adadelta,rho: 0.99,Normd,97.646,97.684,97.78,97.84,89
686,relu,Adadelta,rho: 0.99,Std,97.51800000000001,97.684,97.61999999999999,97.89,44
695,relu,adam,"amsgrad: True, beta_1: 0.95, beta_2: 0.999",Std,97.59,97.684,97.75,97.86,68
752,elu,Nadam,"beta_1: 0.95, beta_2: 0.95",Std,97.5,97.682,97.58,97.92,27
838,softplus,Nadam,"beta_1: 0.95, beta_2: 0.999",Std,97.67399999999998,97.68,97.83,97.98,81
332,softplus,Nadam,"beta_1: 0.9, beta_2: 0.9",Normd,96.954,97.68,97.05,97.86,23
342,softsign,sgd,"Momentum: 0.95, Nesterov: True",Normd,97.65999999999998,97.67999999999999,97.78999999999999,97.83,92
697,relu,Adamax,"beta_1: 0.99, beta_2: 0.9999",Std,97.64999999999999,97.678,97.72999999999999,97.82,91
398,hard_sigmoid,Adadelta,rho: 0.9999,Normd,97.67600000000002,97.67600000000002,97.77,97.86,99
73,sigmoid,sgd,"Momentum: 0.99, Nesterov: False",Normd,97.614,97.676,97.82,97.97,82
94,sigmoid,adam,"amsgrad: False, beta_1: 0.9, beta_2: 0.9999",Normd,97.61599999999999,97.674,97.65,97.82,88
839,softplus,Nadam,"beta_1: 0.95, beta_2: 0.99",Std,97.538,97.674,97.72999999999999,97.94,39
15,relu,adam,Default,Normd,97.51200000000001,97.674,97.72,97.94,34
700,relu,Adamax,"beta_1: 0.95, beta_2: 0.99",Std,97.53999999999999,97.67399999999998,97.67,97.87,40
813,softplus,rmsp,rho: 0.95,Std,97.482,97.672,97.67,97.89,32
798,selu,Nadam,"beta_1: 0.9, beta_2: 0.9",Std,97.51999999999998,97.672,97.65,97.92999999999999,50
139,tanh,adam,"amsgrad: True, beta_1: 0.95, beta_2: 0.9999",Normd,97.558,97.668,97.71,97.83,39
171,relu,rmsp,rho: 0.95,Normd,97.48400000000001,97.668,97.53,97.91,38
196,relu,Nadam,"beta_1: 0.95, beta_2: 0.999",Normd,97.51200000000001,97.668,97.56,97.95,23
545,softplus,rmsp,Default,Std,97.39999999999999,97.66599999999998,97.57000000000001,97.82,27
175,relu,Adadelta,rho: 0.9,Normd,97.514,97.664,97.61999999999999,97.84,55
109,sigmoid,Nadam,"beta_1: 0.95, beta_2: 0.99",Normd,97.49400000000001,97.664,97.61999999999999,97.86,62
703,relu,Adamax,"beta_1: 0.9, beta_2: 0.99",Std,97.56,97.664,97.69,97.97,28
101,sigmoid,Adamax,"beta_1: 0.95, beta_2: 0.999",Normd,97.62599999999999,97.66199999999999,97.85000000000001,97.88,86
668,relu,sgd,"Momentum: 0.1, Nesterov: False",Std,97.66000000000001,97.66000000000001,97.76,97.76,99
797,selu,Nadam,"beta_1: 0.95, beta_2: 0.9",Std,97.22200000000001,97.66,97.48,97.82,21
331,softplus,Nadam,"beta_1: 0.95, beta_2: 0.9",Normd,96.96199999999999,97.66,97.06,97.82,21
673,relu,sgd,"Momentum: 0.0, Nesterov: True",Std,97.66,97.66,97.81,97.81,99
353,softsign,Adadelta,rho: 0.999,Normd,97.53399999999999,97.66,97.7,97.78999999999999,98
410,hard_sigmoid,Adamax,"beta_1: 0.95, beta_2: 0.99",Normd,97.58800000000001,97.658,97.78999999999999,97.78999999999999,91
413,hard_sigmoid,Adamax,"beta_1: 0.9, beta_2: 0.99",Normd,97.646,97.658,97.76,97.78,98
50,hard_sigmoid,adam,Default,Normd,97.60600000000001,97.658,97.76,97.81,73
113,sigmoid,Nadam,"beta_1: 0.9, beta_2: 0.95",Normd,97.542,97.65599999999999,97.64,97.82,36
84,sigmoid,rmsp,rho: 0.999,Normd,97.566,97.65599999999999,97.66,97.83,88
98,sigmoid,adam,"amsgrad: True, beta_1: 0.9, beta_2: 0.9999",Normd,97.61,97.65,97.75,97.85000000000001,82
692,relu,adam,"amsgrad: False, beta_1: 0.9, beta_2: 0.9999",Std,97.58000000000001,97.64999999999999,97.65,97.94,90
106,sigmoid,Adamax,"beta_1: 0.9, beta_2: 0.95",Normd,97.64800000000001,97.64800000000001,97.77,97.87,99
83,sigmoid,rmsp,rho: 0.95,Normd,97.62599999999999,97.64800000000001,97.83,97.88,84
800,softplus,sgd,"Momentum: 0.1, Nesterov: False",Std,97.648,97.648,97.76,97.76,99
406,hard_sigmoid,adam,"amsgrad: True, beta_1: 0.9, beta_2: 0.9999",Normd,97.514,97.646,97.69,97.75,65
108,sigmoid,Nadam,"beta_1: 0.95, beta_2: 0.999",Normd,97.57400000000001,97.646,97.68,97.85000000000001,47
836,softplus,Adamax,"beta_1: 0.9, beta_2: 0.95",Std,97.30999999999999,97.64399999999999,97.42,97.87,17
386,hard_sigmoid,sgd,"Momentum: 0.95, Nesterov: True",Normd,97.60799999999999,97.64399999999999,97.67,97.72999999999999,91
140,tanh,adam,"amsgrad: True, beta_1: 0.9, beta_2: 0.999",Normd,97.55,97.64199999999998,97.61,97.82,93
110,sigmoid,Nadam,"beta_1: 0.95, beta_2: 0.95",Normd,97.564,97.64000000000001,97.65,97.78,50
753,elu,Nadam,"beta_1: 0.95, beta_2: 0.9",Std,97.218,97.64000000000001,97.49,97.78,17
395,hard_sigmoid,Adadelta,rho: 0.9,Normd,97.59599999999999,97.63999999999999,97.64,97.78999999999999,94
310,softplus,Adadelta,rho: 0.9999,Normd,97.538,97.638,97.69,97.81,33
107,sigmoid,Nadam,"beta_1: 0.9, beta_2: 0.99",Normd,97.53,97.638,97.65,97.78999999999999,67
87,sigmoid,Adadelta,rho: 0.9,Normd,97.60799999999999,97.636,97.72,97.78,95
91,sigmoid,adam,"amsgrad: False, beta_1: 0.95, beta_2: 0.9999",Normd,97.53999999999999,97.636,97.61,97.76,95
100,sigmoid,Adamax,"beta_1: 0.99, beta_2: 0.999",Normd,97.6,97.636,97.65,97.74000000000001,96
141,tanh,adam,"amsgrad: True, beta_1: 0.95, beta_2: 0.999",Normd,97.554,97.63199999999999,97.58,97.75,75
90,sigmoid,Adadelta,rho: 0.9999,Normd,97.542,97.628,97.65,97.8,90
135,tanh,adam,"amsgrad: False, beta_1: 0.95, beta_2: 0.9999",Normd,97.51999999999998,97.628,97.64,97.82,57
681,relu,rmsp,rho: 0.95,Std,97.384,97.62600000000002,97.54,97.84,45
403,hard_sigmoid,adam,"amsgrad: True, beta_1: 0.95, beta_2: 0.9999",Normd,97.60600000000001,97.62599999999999,97.7,97.78999999999999,88
95,sigmoid,adam,"amsgrad: True, beta_1: 0.95, beta_2: 0.9999",Normd,97.532,97.62599999999999,97.64,97.85000000000001,68
687,relu,Adadelta,rho: 0.999,Std,97.53399999999999,97.624,97.68,97.81,85
0,sigmoid,rmsp,Default,Normd,97.536,97.624,97.61,97.77,86
142,tanh,adam,"amsgrad: True, beta_1: 0.9, beta_2: 0.9999",Normd,97.56599999999999,97.624,97.68,97.8,41
530,relu,Nadam,Default,Std,97.57000000000001,97.62,97.72,97.91,53
164,relu,sgd,"Momentum: 0.1, Nesterov: True",Normd,97.57999999999998,97.62,97.7,97.72,96
409,hard_sigmoid,Adamax,"beta_1: 0.95, beta_2: 0.999",Normd,97.60600000000001,97.618,97.76,97.85000000000001,96
54,hard_sigmoid,Adamax,Default,Normd,97.57400000000001,97.618,97.68,97.72999999999999,94
551,softplus,Nadam,Default,Std,97.49000000000001,97.618,97.65,97.84,46
6,sigmoid,Nadam,Default,Normd,97.54400000000001,97.61599999999999,97.6,97.76,53
390,hard_sigmoid,rmsp,rho: 0.99,Normd,97.56,97.61599999999999,97.65,97.77,86
130,tanh,Adadelta,rho: 0.5,Normd,97.61599999999999,97.61599999999999,97.72999999999999,97.72999999999999,99
408,hard_sigmoid,Adamax,"beta_1: 0.99, beta_2: 0.999",Normd,97.592,97.61599999999999,97.63,97.71,90
93,sigmoid,adam,"amsgrad: False, beta_1: 0.95, beta_2: 0.999",Normd,97.51200000000001,97.61599999999999,97.64,97.74000000000001,75
78,sigmoid,sgd,"Momentum: 0.95, Nesterov: True",Normd,97.60199999999999,97.61599999999999,97.71,97.81,97
837,softplus,Nadam,"beta_1: 0.9, beta_2: 0.99",Std,97.33000000000001,97.60799999999999,97.5,97.84,36
136,tanh,adam,"amsgrad: False, beta_1: 0.9, beta_2: 0.999",Normd,97.48800000000001,97.60799999999999,97.59,97.72,75
351,softsign,Adadelta,rho: 0.9,Normd,97.594,97.60799999999999,97.69,97.75,96
111,sigmoid,Nadam,"beta_1: 0.95, beta_2: 0.9",Normd,97.38799999999999,97.60799999999999,97.46000000000001,97.74000000000001,55
876,softsign,Adamax,"beta_1: 0.95, beta_2: 0.99",Std,97.50999999999999,97.60799999999999,97.6,97.84,84
676,relu,sgd,"Momentum: 0.95, Nesterov: True",Std,97.456,97.60799999999999,97.71,97.85000000000001,55
5,sigmoid,Adamax,Default,Normd,97.59800000000001,97.60799999999999,97.72,97.75,94
112,sigmoid,Nadam,"beta_1: 0.9, beta_2: 0.9",Normd,97.554,97.60600000000001,97.72,97.81,68
366,softsign,Adamax,"beta_1: 0.95, beta_2: 0.99",Normd,97.604,97.604,97.68,97.75,99
381,hard_sigmoid,sgd,"Momentum: 0.99, Nesterov: False",Normd,97.44999999999999,97.604,97.59,97.83,69
806,softplus,sgd,"Momentum: 0.1, Nesterov: True",Std,97.59799999999998,97.604,97.69,97.72,98
138,tanh,adam,"amsgrad: False, beta_1: 0.9, beta_2: 0.9999",Normd,97.472,97.602,97.53,97.72999999999999,80
805,softplus,sgd,"Momentum: 0.0, Nesterov: True",Std,97.602,97.602,97.67,97.71,99
528,relu,Adadelta,Default,Std,97.536,97.6,97.69,97.82,57
96,sigmoid,adam,"amsgrad: True, beta_1: 0.9, beta_2: 0.999",Normd,97.55199999999998,97.6,97.63,97.71,79
354,softsign,Adadelta,rho: 0.9999,Normd,97.526,97.6,97.66,97.84,98
401,hard_sigmoid,adam,"amsgrad: False, beta_1: 0.95, beta_2: 0.999",Normd,97.55199999999998,97.59800000000001,97.72,97.81,73
402,hard_sigmoid,adam,"amsgrad: False, beta_1: 0.9, beta_2: 0.9999",Normd,97.53999999999999,97.59800000000001,97.67,97.81,87
404,hard_sigmoid,adam,"amsgrad: True, beta_1: 0.9, beta_2: 0.999",Normd,97.528,97.59800000000001,97.65,97.77,89
685,relu,Adadelta,rho: 0.9,Std,97.42200000000001,97.594,97.5,97.81,40
358,softsign,adam,"amsgrad: False, beta_1: 0.9, beta_2: 0.9999",Normd,97.54599999999999,97.59,97.66,97.72,79
85,sigmoid,rmsp,rho: 0.9999,Normd,97.52000000000001,97.58800000000001,97.66,97.76,73
365,softsign,Adamax,"beta_1: 0.95, beta_2: 0.999",Normd,97.586,97.586,97.76,97.76,99
137,tanh,adam,"amsgrad: False, beta_1: 0.95, beta_2: 0.999",Normd,97.452,97.586,97.61,97.72,65
1,sigmoid,adam,Default,Normd,97.5,97.584,97.65,97.72999999999999,82
400,hard_sigmoid,adam,"amsgrad: False, beta_1: 0.9, beta_2: 0.999",Normd,97.564,97.584,97.61999999999999,97.72999999999999,71
415,hard_sigmoid,Nadam,"beta_1: 0.9, beta_2: 0.99",Normd,97.488,97.58200000000001,97.64,97.77,38
72,sigmoid,sgd,"Momentum: 0.95, Nesterov: False",Normd,97.576,97.58200000000001,97.61999999999999,97.75,95
355,softsign,adam,"amsgrad: False, beta_1: 0.95, beta_2: 0.9999",Normd,97.514,97.58200000000001,97.54,97.77,98
405,hard_sigmoid,adam,"amsgrad: True, beta_1: 0.95, beta_2: 0.999",Normd,97.58000000000001,97.58000000000001,97.71,97.77,99
337,softsign,sgd,"Momentum: 0.99, Nesterov: False",Normd,97.57999999999998,97.57999999999998,97.74000000000001,97.87,99
705,relu,Nadam,"beta_1: 0.9, beta_2: 0.99",Std,97.434,97.57999999999998,97.61999999999999,97.78,81
754,elu,Nadam,"beta_1: 0.9, beta_2: 0.9",Std,97.21,97.578,97.39,97.78,37
7,tanh,rmsp,Default,Normd,97.48599999999999,97.578,97.65,97.76,62
557,softsign,Adamax,Default,Std,97.55,97.578,97.75,97.82,88
670,relu,sgd,"Momentum: 0.95, Nesterov: False",Std,97.532,97.576,97.71,97.78,85
359,softsign,adam,"amsgrad: True, beta_1: 0.95, beta_2: 0.9999",Normd,97.49600000000001,97.576,97.68,97.72999999999999,80
104,sigmoid,Adamax,"beta_1: 0.9, beta_2: 0.9",Normd,97.47600000000001,97.57400000000001,97.52,97.76,67
411,hard_sigmoid,Adamax,"beta_1: 0.95, beta_2: 0.95",Normd,97.42200000000001,97.57400000000001,97.58,97.87,77
347,softsign,rmsp,rho: 0.95,Normd,97.55,97.57400000000001,97.67,97.68,88
357,softsign,adam,"amsgrad: False, beta_1: 0.95, beta_2: 0.999",Normd,97.49000000000001,97.57399999999998,97.86,97.86,77
147,tanh,Adamax,"beta_1: 0.95, beta_2: 0.95",Normd,97.50599999999999,97.57199999999999,97.57000000000001,97.76,80
128,tanh,rmsp,rho: 0.999,Normd,97.41199999999999,97.57199999999999,97.57000000000001,97.78,43
346,softsign,rmsp,rho: 0.99,Normd,97.50999999999999,97.57000000000001,97.58,97.69,95
97,sigmoid,adam,"amsgrad: True, beta_1: 0.95, beta_2: 0.999",Normd,97.50999999999999,97.57000000000001,97.57000000000001,97.75,91
547,softplus,sgd,Default,Std,97.564,97.568,97.72,97.72,95
641,tanh,Adadelta,rho: 0.9,Std,97.514,97.564,97.59,97.72,56
861,softsign,Adadelta,rho: 0.9,Std,97.47999999999999,97.564,97.57000000000001,97.67,94
376,softsign,Nadam,"beta_1: 0.9, beta_2: 0.9",Normd,97.506,97.564,97.55,97.71,63
126,tanh,rmsp,rho: 0.99,Normd,97.49000000000001,97.562,97.56,97.72,39
99,sigmoid,Adamax,"beta_1: 0.99, beta_2: 0.9999",Normd,97.542,97.562,97.66,97.66,98
524,relu,rmsp,Default,Std,97.35400000000001,97.562,97.56,97.75,29
414,hard_sigmoid,Adamax,"beta_1: 0.9, beta_2: 0.95",Normd,97.49799999999999,97.562,97.58,97.71,74
706,relu,Nadam,"beta_1: 0.95, beta_2: 0.999",Std,97.5,97.562,97.66,97.83,56
150,tanh,Adamax,"beta_1: 0.9, beta_2: 0.95",Normd,97.44,97.562,97.55,97.78,58
55,hard_sigmoid,Nadam,Default,Normd,97.44999999999999,97.56,97.5,97.75,42
158,relu,sgd,"Momentum: 0.1, Nesterov: False",Normd,97.56,97.56,97.78,97.78,99
417,hard_sigmoid,Nadam,"beta_1: 0.95, beta_2: 0.99",Normd,97.508,97.558,97.63,97.78999999999999,68
429,LeakyReLU,sgd,"Momentum: 0.9, Nesterov: True",Normd,97.51199999999999,97.558,97.69,97.71,88
8,tanh,adam,Default,Normd,97.464,97.55600000000001,97.53,97.72,53
707,relu,Nadam,"beta_1: 0.95, beta_2: 0.99",Std,97.414,97.556,97.5,97.75,74
440,LeakyReLU,Adadelta,rho: 0.99,Normd,97.47999999999999,97.554,97.7,97.76,94
341,softsign,sgd,"Momentum: 0.9, Nesterov: True",Normd,97.49400000000001,97.554,97.66,97.71,93
963,LeakyReLU,Adamax,"beta_1: 0.95, beta_2: 0.999",Std,97.488,97.554,97.53,97.78,96
14,relu,rmsp,Default,Normd,97.424,97.55,97.52,97.77,34
361,softsign,adam,"amsgrad: True, beta_1: 0.95, beta_2: 0.999",Normd,97.45000000000002,97.55,97.55,97.72999999999999,79
556,softsign,Adadelta,Default,Std,97.542,97.55,97.59,97.69,79
655,tanh,Adamax,"beta_1: 0.95, beta_2: 0.999",Std,97.482,97.55,97.65,97.81,58
369,softsign,Adamax,"beta_1: 0.9, beta_2: 0.99",Normd,97.478,97.54799999999999,97.55,97.7,98
399,hard_sigmoid,adam,"amsgrad: False, beta_1: 0.95, beta_2: 0.9999",Normd,97.46000000000001,97.54599999999999,97.59,97.72,62
857,softsign,rmsp,rho: 0.95,Std,97.532,97.54599999999999,97.67,97.72999999999999,88
371,softsign,Nadam,"beta_1: 0.9, beta_2: 0.99",Normd,97.416,97.54400000000001,97.52,97.72999999999999,94
416,hard_sigmoid,Nadam,"beta_1: 0.95, beta_2: 0.999",Normd,97.452,97.54400000000001,97.63,97.8,66
816,softplus,Adadelta,rho: 0.5,Std,97.39999999999999,97.542,97.55,97.72999999999999,35
47,softsign,Adamax,Default,Normd,97.538,97.542,97.68,97.68,91
43,softsign,adam,Default,Normd,97.454,97.542,97.59,97.69,97
127,tanh,rmsp,rho: 0.95,Normd,97.46400000000001,97.53999999999999,97.71,97.83,52
423,LeakyReLU,sgd,"Momentum: 0.9, Nesterov: False",Normd,97.488,97.53999999999999,97.72999999999999,97.72999999999999,98
552,softsign,rmsp,Default,Std,97.452,97.538,97.55,97.72999999999999,78
776,selu,Adadelta,rho: 0.9999,Std,97.30000000000001,97.538,97.55,97.72999999999999,76
887,softsign,Nadam,"beta_1: 0.9, beta_2: 0.95",Std,97.50399999999999,97.538,97.61999999999999,97.69,98
515,sigmoid,Adamax,Default,Std,97.508,97.538,97.63,97.66,97
862,softsign,Adadelta,rho: 0.99,Std,97.456,97.53599999999999,97.58,97.67,91
133,tanh,Adadelta,rho: 0.999,Normd,97.47600000000001,97.53399999999999,97.7,97.78,75
335,softsign,sgd,"Momentum: 0.9, Nesterov: False",Normd,97.492,97.532,97.61,97.68,95
654,tanh,Adamax,"beta_1: 0.99, beta_2: 0.999",Std,97.424,97.53,97.57000000000001,97.61,82
880,softsign,Adamax,"beta_1: 0.9, beta_2: 0.95",Std,97.48999999999998,97.528,97.6,97.7,96
374,softsign,Nadam,"beta_1: 0.95, beta_2: 0.95",Normd,97.482,97.528,97.55,97.68,94
360,softsign,adam,"amsgrad: True, beta_1: 0.9, beta_2: 0.999",Normd,97.47,97.52600000000001,97.55,97.68,94
348,softsign,rmsp,rho: 0.999,Normd,97.52600000000001,97.52600000000001,97.57000000000001,97.74000000000001,99
48,softsign,Nadam,Default,Normd,97.43199999999999,97.526,97.50999999999999,97.66,94
367,softsign,Adamax,"beta_1: 0.95, beta_2: 0.95",Normd,97.49400000000001,97.524,97.57000000000001,97.66,73
306,softplus,Adadelta,rho: 0.5,Normd,97.454,97.52199999999999,97.58,97.72,91
191,relu,Adamax,"beta_1: 0.95, beta_2: 0.95",Normd,97.29599999999999,97.516,97.61999999999999,97.75,17
866,softsign,adam,"amsgrad: False, beta_1: 0.9, beta_2: 0.999",Std,97.496,97.516,97.66,97.74000000000001,82
362,softsign,adam,"amsgrad: True, beta_1: 0.9, beta_2: 0.9999",Normd,97.402,97.514,97.50999999999999,97.72999999999999,93
194,relu,Adamax,"beta_1: 0.9, beta_2: 0.95",Normd,97.25200000000001,97.51200000000001,97.34,97.67,48
962,LeakyReLU,Adamax,"beta_1: 0.99, beta_2: 0.999",Std,97.47399999999999,97.51200000000001,97.56,97.65,98
588,sigmoid,sgd,"Momentum: 0.95, Nesterov: True",Std,97.44800000000001,97.51200000000001,97.56,97.69,88
959,LeakyReLU,adam,"amsgrad: True, beta_1: 0.95, beta_2: 0.999",Std,97.36600000000001,97.51200000000001,97.44,97.72,77
391,hard_sigmoid,rmsp,rho: 0.95,Normd,97.45000000000002,97.51199999999999,97.58,97.66,72
17,relu,Adagrad,Default,Normd,97.48599999999999,97.51199999999999,97.75,97.78,98
163,relu,sgd,"Momentum: 0.0, Nesterov: True",Normd,97.5,97.50999999999999,97.59,97.66,97
612,sigmoid,Adamax,"beta_1: 0.95, beta_2: 0.99",Std,97.468,97.508,97.54,97.75,96
514,sigmoid,Adadelta,Default,Std,97.42200000000001,97.506,97.6,97.65,80
571,LeakyReLU,Adamax,Default,Std,97.42,97.506,97.56,97.68,70
375,softsign,Nadam,"beta_1: 0.95, beta_2: 0.9",Normd,97.436,97.506,97.52,97.64,66
172,relu,rmsp,rho: 0.999,Normd,97.348,97.506,97.54,97.75,33
845,softsign,sgd,"Momentum: 0.9, Nesterov: False",Std,97.50400000000002,97.50599999999999,97.6,97.65,72
592,sigmoid,rmsp,rho: 0.99,Std,97.45799999999998,97.50400000000002,97.61,97.67,98
174,relu,Adadelta,rho: 0.5,Normd,97.44200000000001,97.50399999999999,97.65,97.65,92
373,softsign,Nadam,"beta_1: 0.95, beta_2: 0.99",Normd,97.392,97.50399999999999,97.45,97.61,87
421,hard_sigmoid,Nadam,"beta_1: 0.9, beta_2: 0.95",Normd,97.39599999999999,97.50200000000001,97.57000000000001,97.7,37
581,sigmoid,sgd,"Momentum: 0.9, Nesterov: False",Std,97.42199999999998,97.502,97.63,97.67,85
364,softsign,Adamax,"beta_1: 0.99, beta_2: 0.999",Normd,97.47399999999999,97.5,97.61,97.72999999999999,92
553,softsign,adam,Default,Std,97.406,97.5,97.56,97.66,96
16,relu,sgd,Default,Normd,97.47,97.5,97.49,97.53,98
597,sigmoid,Adadelta,rho: 0.9,Std,97.5,97.5,97.57000000000001,97.61,99
356,softsign,adam,"amsgrad: False, beta_1: 0.9, beta_2: 0.999",Normd,97.462,97.498,97.57000000000001,97.65,61
370,softsign,Adamax,"beta_1: 0.9, beta_2: 0.95",Normd,97.428,97.498,97.55,97.61999999999999,93
49,hard_sigmoid,rmsp,Default,Normd,97.412,97.49600000000001,97.57000000000001,97.77,96
299,softplus,sgd,"Momentum: 0.99, Nesterov: True",Normd,97.348,97.49600000000001,97.56,97.68,59
372,softsign,Nadam,"beta_1: 0.95, beta_2: 0.999",Normd,97.412,97.49600000000001,97.61999999999999,97.65,90
343,softsign,sgd,"Momentum: 0.99, Nesterov: True",Normd,97.438,97.49400000000001,97.61,97.71,98
856,softsign,rmsp,rho: 0.99,Std,97.32600000000001,97.49399999999999,97.44,97.7,49
642,tanh,Adadelta,rho: 0.99,Std,97.34400000000001,97.492,97.44,97.59,86
870,softsign,adam,"amsgrad: True, beta_1: 0.9, beta_2: 0.999",Std,97.40400000000001,97.492,97.59,97.76,97
418,hard_sigmoid,Nadam,"beta_1: 0.95, beta_2: 0.95",Normd,97.33599999999998,97.492,97.45,97.6,50
521,tanh,Adadelta,Default,Std,97.414,97.492,97.52,97.71,53
771,selu,rmsp,rho: 0.9999,Std,97.438,97.49000000000001,97.61,97.67,87
453,LeakyReLU,Adamax,"beta_1: 0.95, beta_2: 0.999",Normd,97.39000000000001,97.49000000000001,97.46000000000001,97.61999999999999,97
846,softsign,sgd,"Momentum: 0.95, Nesterov: False",Std,97.43,97.48999999999998,97.56,97.71,88
879,softsign,Adamax,"beta_1: 0.9, beta_2: 0.99",Std,97.414,97.488,97.48,97.67,74
872,softsign,adam,"amsgrad: True, beta_1: 0.9, beta_2: 0.9999",Std,97.46000000000001,97.48599999999999,97.54,97.71,94
895,hard_sigmoid,sgd,"Momentum: 0.9, Nesterov: True",Std,97.434,97.48599999999999,97.52,97.67,79
363,softsign,Adamax,"beta_1: 0.99, beta_2: 0.9999",Normd,97.48400000000001,97.48599999999999,97.53,97.61,98
424,LeakyReLU,sgd,"Momentum: 0.95, Nesterov: False",Normd,97.384,97.482,97.54,97.65,94
874,softsign,Adamax,"beta_1: 0.99, beta_2: 0.999",Std,97.408,97.48000000000002,97.55,97.6,87
449,LeakyReLU,adam,"amsgrad: True, beta_1: 0.95, beta_2: 0.999",Normd,97.39800000000001,97.47999999999999,97.49,97.66,90
368,softsign,Adamax,"beta_1: 0.9, beta_2: 0.9",Normd,97.444,97.478,97.48,97.7,96
605,sigmoid,adam,"amsgrad: True, beta_1: 0.95, beta_2: 0.9999",Std,97.47600000000001,97.47600000000001,97.56,97.66,99
570,LeakyReLU,Adadelta,Default,Std,97.37,97.47600000000001,97.50999999999999,97.66,89
201,relu,Nadam,"beta_1: 0.9, beta_2: 0.95",Normd,97.262,97.47600000000001,97.4,97.71,43
885,softsign,Nadam,"beta_1: 0.95, beta_2: 0.9",Std,97.352,97.474,97.44,97.68,91
598,sigmoid,Adadelta,rho: 0.99,Std,97.37199999999999,97.47200000000001,97.56,97.61,61
377,softsign,Nadam,"beta_1: 0.9, beta_2: 0.95",Normd,97.45800000000001,97.472,97.65,97.69,90
868,softsign,adam,"amsgrad: False, beta_1: 0.9, beta_2: 0.9999",Std,97.472,97.472,97.6,97.7,99
860,softsign,Adadelta,rho: 0.5,Std,97.37199999999999,97.47,97.50999999999999,97.59,97
842,softplus,Nadam,"beta_1: 0.9, beta_2: 0.9",Std,96.128,97.47,96.21,97.52,9
653,tanh,Adamax,"beta_1: 0.99, beta_2: 0.9999",Std,97.446,97.47,97.61,97.66,65
42,softsign,rmsp,Default,Normd,97.38399999999999,97.468,97.49,97.61,73
443,LeakyReLU,adam,"amsgrad: False, beta_1: 0.95, beta_2: 0.9999",Normd,97.39999999999999,97.468,97.5,97.63,89
967,LeakyReLU,Adamax,"beta_1: 0.9, beta_2: 0.99",Std,97.36600000000001,97.468,97.53,97.66,77
840,softplus,Nadam,"beta_1: 0.95, beta_2: 0.95",Std,96.86600000000001,97.468,96.99,97.72,11
659,tanh,Adamax,"beta_1: 0.9, beta_2: 0.99",Std,97.38200000000002,97.468,97.66,97.68,47
883,softsign,Nadam,"beta_1: 0.95, beta_2: 0.99",Std,97.39800000000001,97.46599999999998,97.52,97.64,55
420,hard_sigmoid,Nadam,"beta_1: 0.9, beta_2: 0.9",Normd,97.288,97.46599999999998,97.41,97.6,48
878,softsign,Adamax,"beta_1: 0.9, beta_2: 0.9",Std,97.35199999999999,97.46400000000001,97.5,97.66,93
875,softsign,Adamax,"beta_1: 0.95, beta_2: 0.999",Std,97.442,97.464,97.56,97.6,87
611,sigmoid,Adamax,"beta_1: 0.95, beta_2: 0.999",Std,97.432,97.464,97.56,97.67,86
905,hard_sigmoid,Adadelta,rho: 0.9,Std,97.464,97.464,97.6,97.68,99
602,sigmoid,adam,"amsgrad: False, beta_1: 0.9, beta_2: 0.999",Std,97.384,97.464,97.54,97.71,65
843,softplus,Nadam,"beta_1: 0.9, beta_2: 0.95",Std,96.93799999999999,97.462,97.03,97.65,19
447,LeakyReLU,adam,"amsgrad: True, beta_1: 0.95, beta_2: 0.9999",Normd,97.37199999999999,97.462,97.48,97.68,91
452,LeakyReLU,Adamax,"beta_1: 0.99, beta_2: 0.999",Normd,97.434,97.462,97.59,97.59,97
379,hard_sigmoid,sgd,"Momentum: 0.9, Nesterov: False",Normd,97.416,97.46000000000001,97.65,97.65,95
593,sigmoid,rmsp,rho: 0.95,Std,97.436,97.45800000000001,97.6,97.66,48
385,hard_sigmoid,sgd,"Momentum: 0.9, Nesterov: True",Normd,97.45799999999998,97.45799999999998,97.53,97.58,99
964,LeakyReLU,Adamax,"beta_1: 0.95, beta_2: 0.99",Std,97.35,97.45799999999998,97.44,97.6,96
884,softsign,Nadam,"beta_1: 0.95, beta_2: 0.95",Std,97.32999999999998,97.456,97.47,97.63,79
615,sigmoid,Adamax,"beta_1: 0.9, beta_2: 0.99",Std,97.436,97.456,97.56,97.6,72
61,LeakyReLU,Adamax,Default,Normd,97.37400000000001,97.456,97.44,97.6,90
451,LeakyReLU,Adamax,"beta_1: 0.99, beta_2: 0.9999",Normd,97.42200000000001,97.454,97.54,97.56,79
609,sigmoid,Adamax,"beta_1: 0.99, beta_2: 0.9999",Std,97.454,97.454,97.71,97.76,99
852,softsign,sgd,"Momentum: 0.95, Nesterov: True",Std,97.402,97.454,97.48,97.63,74
886,softsign,Nadam,"beta_1: 0.9, beta_2: 0.9",Std,97.37400000000001,97.452,97.47,97.67,67
957,LeakyReLU,adam,"amsgrad: True, beta_1: 0.95, beta_2: 0.9999",Std,97.36399999999999,97.452,97.48,97.59,72
394,hard_sigmoid,Adadelta,rho: 0.5,Normd,97.45000000000002,97.45000000000002,97.56,97.61,99
871,softsign,adam,"amsgrad: True, beta_1: 0.95, beta_2: 0.999",Std,97.358,97.44999999999999,97.43,97.61999999999999,78
198,relu,Nadam,"beta_1: 0.95, beta_2: 0.95",Normd,97.24199999999999,97.44800000000001,97.45,97.64,21
961,LeakyReLU,Adamax,"beta_1: 0.99, beta_2: 0.9999",Std,97.446,97.446,97.5,97.61,99
24,elu,Adagrad,Default,Normd,97.428,97.446,97.48,97.54,96
920,hard_sigmoid,Adamax,"beta_1: 0.95, beta_2: 0.99",Std,97.394,97.446,97.52,97.59,93
865,softsign,adam,"amsgrad: False, beta_1: 0.95, beta_2: 0.9999",Std,97.424,97.44599999999998,97.56,97.65,73
445,LeakyReLU,adam,"amsgrad: False, beta_1: 0.95, beta_2: 0.999",Normd,97.262,97.444,97.34,97.61999999999999,71
157,tanh,Nadam,"beta_1: 0.9, beta_2: 0.95",Normd,97.32,97.44200000000001,97.52,97.7,41
603,sigmoid,adam,"amsgrad: False, beta_1: 0.95, beta_2: 0.999",Std,97.24199999999999,97.442,97.43,97.57000000000001,53
954,LeakyReLU,adam,"amsgrad: False, beta_1: 0.9, beta_2: 0.999",Std,97.26599999999999,97.442,97.39,97.61999999999999,86
434,LeakyReLU,rmsp,rho: 0.99,Normd,97.31,97.442,97.38,97.57000000000001,73
599,sigmoid,Adadelta,rho: 0.999,Std,97.386,97.442,97.50999999999999,97.66,85
148,tanh,Adamax,"beta_1: 0.9, beta_2: 0.9",Normd,97.35,97.442,97.48,97.61999999999999,50
640,tanh,Adadelta,rho: 0.5,Std,97.36399999999999,97.442,97.46000000000001,97.61,66
869,softsign,adam,"amsgrad: True, beta_1: 0.95, beta_2: 0.9999",Std,97.366,97.44000000000001,97.41,97.6,80
958,LeakyReLU,adam,"amsgrad: True, beta_1: 0.9, beta_2: 0.999",Std,97.35199999999999,97.44,97.49,97.69,87
918,hard_sigmoid,Adamax,"beta_1: 0.99, beta_2: 0.999",Std,97.41799999999999,97.44,97.49,97.59,93
704,relu,Adamax,"beta_1: 0.9, beta_2: 0.95",Std,97.18199999999999,97.44,97.26,97.67,57
601,sigmoid,adam,"amsgrad: False, beta_1: 0.95, beta_2: 0.9999",Std,97.23200000000001,97.44,97.41,97.63,85
446,LeakyReLU,adam,"amsgrad: False, beta_1: 0.9, beta_2: 0.9999",Normd,97.378,97.438,97.45,97.59,82
450,LeakyReLU,adam,"amsgrad: True, beta_1: 0.9, beta_2: 0.9999",Normd,97.324,97.438,97.47,97.58,53
624,tanh,sgd,"Momentum: 0.1, Nesterov: False",Std,97.438,97.438,97.55,97.55,99
732,elu,Adadelta,rho: 0.9999,Std,97.274,97.436,97.48,97.67,72
867,softsign,adam,"amsgrad: False, beta_1: 0.95, beta_2: 0.999",Std,97.38200000000002,97.436,97.58,97.75,66
834,softplus,Adamax,"beta_1: 0.9, beta_2: 0.9",Std,96.1,97.43400000000001,96.37,97.75,24
877,softsign,Adamax,"beta_1: 0.95, beta_2: 0.95",Std,97.36,97.43400000000001,97.49,97.61999999999999,86
855,softsign,rmsp,rho: 0.5,Std,97.37,97.434,97.44,97.54,98
873,softsign,Adamax,"beta_1: 0.99, beta_2: 0.9999",Std,97.358,97.434,97.43,97.61,95
430,LeakyReLU,sgd,"Momentum: 0.95, Nesterov: True",Normd,97.384,97.434,97.50999999999999,97.61999999999999,74
419,hard_sigmoid,Nadam,"beta_1: 0.95, beta_2: 0.9",Normd,97.196,97.432,97.33000000000001,97.56,31
684,relu,Adadelta,rho: 0.5,Std,97.36200000000001,97.432,97.52,97.61999999999999,76
153,tanh,Nadam,"beta_1: 0.95, beta_2: 0.99",Normd,97.31400000000001,97.43,97.46000000000001,97.61,48
960,LeakyReLU,adam,"amsgrad: True, beta_1: 0.9, beta_2: 0.9999",Std,97.394,97.43,97.52,97.7,85
560,hard_sigmoid,adam,Default,Std,97.35,97.43,97.42,97.56,96
882,softsign,Nadam,"beta_1: 0.95, beta_2: 0.999",Std,97.21,97.42999999999998,97.36,97.61999999999999,70
923,hard_sigmoid,Adamax,"beta_1: 0.9, beta_2: 0.99",Std,97.35,97.42999999999998,97.46000000000001,97.59,94
349,softsign,rmsp,rho: 0.9999,Normd,97.38799999999999,97.428,97.52,97.61999999999999,87
511,sigmoid,adam,Default,Std,97.31400000000001,97.428,97.4,97.58,80
617,sigmoid,Nadam,"beta_1: 0.9, beta_2: 0.99",Std,97.294,97.428,97.47,97.66,77
563,hard_sigmoid,Adadelta,Default,Std,97.366,97.428,97.58,97.59,86
558,softsign,Nadam,Default,Std,97.38200000000002,97.428,97.69,97.69,98
851,softsign,sgd,"Momentum: 0.9, Nesterov: True",Std,97.33000000000001,97.42599999999999,97.39,97.52,96
444,LeakyReLU,adam,"amsgrad: False, beta_1: 0.9, beta_2: 0.999",Normd,97.406,97.42599999999999,97.48,97.59,78
454,LeakyReLU,Adamax,"beta_1: 0.95, beta_2: 0.99",Normd,97.31400000000001,97.42599999999999,97.42,97.57000000000001,93
407,hard_sigmoid,Adamax,"beta_1: 0.99, beta_2: 0.9999",Normd,97.41800000000002,97.42599999999999,97.67,97.67,91
522,tanh,Adamax,Default,Std,97.37400000000001,97.42599999999999,97.45,97.68,70
863,softsign,Adadelta,rho: 0.999,Std,97.408,97.424,97.48,97.6,70
881,softsign,Nadam,"beta_1: 0.9, beta_2: 0.99",Std,97.348,97.42200000000001,97.52,97.69,73
950,LeakyReLU,Adadelta,rho: 0.99,Std,97.41,97.42200000000001,97.59,97.7,92
448,LeakyReLU,adam,"amsgrad: True, beta_1: 0.9, beta_2: 0.999",Normd,97.332,97.42200000000001,97.38,97.54,78
619,sigmoid,Nadam,"beta_1: 0.95, beta_2: 0.99",Std,97.36800000000001,97.42,97.53,97.59,74
949,LeakyReLU,Adadelta,rho: 0.9,Std,97.34599999999999,97.42,97.5,97.65,83
889,hard_sigmoid,sgd,"Momentum: 0.9, Nesterov: False",Std,97.39799999999998,97.41799999999999,97.49,97.61,91
656,tanh,Adamax,"beta_1: 0.95, beta_2: 0.99",Std,97.32000000000001,97.41799999999999,97.43,97.58,58
616,sigmoid,Adamax,"beta_1: 0.9, beta_2: 0.95",Std,97.332,97.416,97.39,97.64,68
457,LeakyReLU,Adamax,"beta_1: 0.9, beta_2: 0.99",Normd,97.30000000000001,97.414,97.43,97.58,77
587,sigmoid,sgd,"Momentum: 0.9, Nesterov: True",Std,97.35,97.414,97.45,97.58,88
955,LeakyReLU,adam,"amsgrad: False, beta_1: 0.95, beta_2: 0.999",Std,97.318,97.412,97.50999999999999,97.66,92
604,sigmoid,adam,"amsgrad: False, beta_1: 0.9, beta_2: 0.9999",Std,97.322,97.412,97.41,97.63,79
436,LeakyReLU,rmsp,rho: 0.999,Normd,97.322,97.41199999999999,97.48,97.56,73
20,relu,Nadam,Default,Normd,97.308,97.41,97.61,97.69,28
910,hard_sigmoid,adam,"amsgrad: False, beta_1: 0.9, beta_2: 0.999",Std,97.36600000000001,97.41,97.47,97.64,74
57,LeakyReLU,adam,Default,Normd,97.35,97.41,97.50999999999999,97.65,52
900,hard_sigmoid,rmsp,rho: 0.99,Std,97.29599999999999,97.41,97.34,97.63,66
567,LeakyReLU,adam,Default,Std,97.33600000000001,97.408,97.43,97.61999999999999,92
600,sigmoid,Adadelta,rho: 0.9999,Std,97.32600000000001,97.408,97.48,97.64,61
916,hard_sigmoid,adam,"amsgrad: True, beta_1: 0.9, beta_2: 0.9999",Std,97.284,97.406,97.5,97.61999999999999,95
618,sigmoid,Nadam,"beta_1: 0.95, beta_2: 0.999",Std,97.30199999999999,97.40400000000001,97.53,97.78999999999999,82
519,tanh,sgd,Default,Std,97.40400000000001,97.40400000000001,97.48,97.56,99
151,tanh,Nadam,"beta_1: 0.9, beta_2: 0.99",Normd,97.33000000000001,97.402,97.44,97.7,33
596,sigmoid,Adadelta,rho: 0.5,Std,97.38200000000002,97.402,97.44,97.56,94
610,sigmoid,Adamax,"beta_1: 0.99, beta_2: 0.999",Std,97.33000000000001,97.39999999999999,97.37,97.58,81
924,hard_sigmoid,Adamax,"beta_1: 0.9, beta_2: 0.95",Std,97.33000000000001,97.39999999999999,97.35000000000001,97.56,44
890,hard_sigmoid,sgd,"Momentum: 0.95, Nesterov: False",Std,97.39800000000001,97.39800000000001,97.47,97.58,99
154,tanh,Nadam,"beta_1: 0.95, beta_2: 0.95",Normd,97.25200000000001,97.39800000000001,97.38,97.61999999999999,45
13,tanh,Nadam,Default,Normd,97.254,97.39800000000001,97.35000000000001,97.6,47
939,LeakyReLU,sgd,"Momentum: 0.9, Nesterov: True",Std,97.36399999999999,97.39599999999999,97.44,97.64,76
591,sigmoid,rmsp,rho: 0.5,Std,97.298,97.394,97.4,97.58,42
652,tanh,adam,"amsgrad: True, beta_1: 0.9, beta_2: 0.9999",Std,97.24000000000001,97.39000000000001,97.31,97.59,94
956,LeakyReLU,adam,"amsgrad: False, beta_1: 0.9, beta_2: 0.9999",Std,97.378,97.39000000000001,97.68,97.68,49
919,hard_sigmoid,Adamax,"beta_1: 0.95, beta_2: 0.999",Std,97.348,97.39000000000001,97.42,97.58,91
435,LeakyReLU,rmsp,rho: 0.95,Normd,97.38799999999999,97.38799999999999,97.61999999999999,97.65,99
202,elu,sgd,"Momentum: 0.1, Nesterov: False",Normd,97.38799999999999,97.38799999999999,97.48,97.48,99
53,hard_sigmoid,Adadelta,Default,Normd,97.342,97.38799999999999,97.41,97.46000000000001,97
915,hard_sigmoid,adam,"amsgrad: True, beta_1: 0.95, beta_2: 0.999",Std,97.284,97.386,97.39,97.61,75
630,tanh,sgd,"Momentum: 0.1, Nesterov: True",Std,97.37400000000001,97.386,97.52,97.67,87
516,sigmoid,Nadam,Default,Std,97.33600000000001,97.386,97.46000000000001,97.59,63
517,tanh,rmsp,Default,Std,97.27599999999998,97.386,97.47,97.65,61
293,softplus,sgd,"Momentum: 0.99, Nesterov: False",Normd,97.098,97.386,97.25,97.58,48
906,hard_sigmoid,Adadelta,rho: 0.99,Std,97.308,97.384,97.5,97.63,91
946,LeakyReLU,rmsp,rho: 0.999,Std,97.218,97.38200000000002,97.35000000000001,97.63,83
152,tanh,Nadam,"beta_1: 0.95, beta_2: 0.999",Normd,97.27600000000001,97.38200000000002,97.46000000000001,97.58,73
607,sigmoid,adam,"amsgrad: True, beta_1: 0.95, beta_2: 0.999",Std,97.286,97.38199999999999,97.46000000000001,97.56,92
565,hard_sigmoid,Nadam,Default,Std,97.36800000000001,97.38,97.48,97.71,68
858,softsign,rmsp,rho: 0.999,Std,97.38,97.38,97.61,97.61,99
933,LeakyReLU,sgd,"Momentum: 0.9, Nesterov: False",Std,97.20599999999999,97.378,97.28,97.6,74
510,sigmoid,rmsp,Default,Std,97.32600000000001,97.378,97.47,97.61,72
455,LeakyReLU,Adamax,"beta_1: 0.95, beta_2: 0.95",Normd,97.33000000000001,97.378,97.39,97.47,88
637,tanh,rmsp,rho: 0.95,Std,97.33800000000001,97.378,97.50999999999999,97.52,51
178,relu,Adadelta,rho: 0.9999,Normd,97.366,97.376,97.48,97.69,80
200,relu,Nadam,"beta_1: 0.9, beta_2: 0.9",Normd,96.878,97.374,96.92,97.65,27
914,hard_sigmoid,adam,"amsgrad: True, beta_1: 0.9, beta_2: 0.999",Std,97.28800000000003,97.374,97.37,97.58,96
925,hard_sigmoid,Nadam,"beta_1: 0.9, beta_2: 0.99",Std,97.262,97.37200000000001,97.37,97.57000000000001,93
620,sigmoid,Nadam,"beta_1: 0.95, beta_2: 0.95",Std,97.188,97.37199999999999,97.36,97.57000000000001,49
439,LeakyReLU,Adadelta,rho: 0.9,Normd,97.34400000000001,97.37,97.52,97.56,98
625,tanh,sgd,"Momentum: 0.9, Nesterov: False",Std,97.212,97.37,97.45,97.57000000000001,65
86,sigmoid,Adadelta,rho: 0.5,Normd,97.35400000000001,97.37,97.49,97.5,97
217,elu,rmsp,rho: 0.9999,Normd,97.37,97.37,97.96000000000001,98.06,99
649,tanh,adam,"amsgrad: True, beta_1: 0.95, beta_2: 0.9999",Std,97.23600000000002,97.37,97.36,97.49,68
564,hard_sigmoid,Adamax,Default,Std,97.34200000000001,97.36800000000001,97.47,97.56,95
945,LeakyReLU,rmsp,rho: 0.95,Std,97.31200000000001,97.368,97.47,97.56,82
953,LeakyReLU,adam,"amsgrad: False, beta_1: 0.95, beta_2: 0.9999",Std,97.30399999999999,97.368,97.36,97.63,74
623,sigmoid,Nadam,"beta_1: 0.9, beta_2: 0.95",Std,97.216,97.36399999999999,97.28,97.53,41
944,LeakyReLU,rmsp,rho: 0.99,Std,97.316,97.36399999999999,97.43,97.57000000000001,98
864,softsign,Adadelta,rho: 0.9999,Std,97.29599999999999,97.36399999999999,97.47,97.56,95
626,tanh,sgd,"Momentum: 0.95, Nesterov: False",Std,97.244,97.36,97.41,97.59,85
651,tanh,adam,"amsgrad: True, beta_1: 0.95, beta_2: 0.999",Std,97.298,97.36,97.43,97.55,74
682,relu,rmsp,rho: 0.999,Std,97.22200000000001,97.35799999999999,97.41,97.61999999999999,68
134,tanh,Adadelta,rho: 0.9999,Normd,97.32600000000001,97.356,97.47,97.55,69
629,tanh,sgd,"Momentum: 0.0, Nesterov: True",Std,97.27600000000001,97.35599999999998,97.41,97.45,94
582,sigmoid,sgd,"Momentum: 0.95, Nesterov: False",Std,97.264,97.35400000000001,97.43,97.54,84
904,hard_sigmoid,Adadelta,rho: 0.5,Std,97.264,97.35400000000001,97.38,97.48,96
896,hard_sigmoid,sgd,"Momentum: 0.95, Nesterov: True",Std,97.29600000000002,97.35400000000001,97.4,97.55,49
412,hard_sigmoid,Adamax,"beta_1: 0.9, beta_2: 0.9",Normd,97.264,97.352,97.46000000000001,97.61,57
208,elu,sgd,"Momentum: 0.1, Nesterov: True",Normd,97.35199999999999,97.35199999999999,97.5,97.53,99
708,relu,Nadam,"beta_1: 0.95, beta_2: 0.95",Std,96.99600000000001,97.35,97.1,97.65,40
613,sigmoid,Adamax,"beta_1: 0.95, beta_2: 0.95",Std,97.256,97.35,97.31,97.54,53
636,tanh,rmsp,rho: 0.99,Std,97.27,97.348,97.47,97.61,54
901,hard_sigmoid,rmsp,rho: 0.95,Std,97.26599999999999,97.348,97.43,97.58,72
606,sigmoid,adam,"amsgrad: True, beta_1: 0.9, beta_2: 0.999",Std,97.30000000000001,97.348,97.4,97.50999999999999,96
657,tanh,Adamax,"beta_1: 0.95, beta_2: 0.95",Std,97.274,97.34400000000001,97.37,97.50999999999999,45
631,tanh,sgd,"Momentum: 0.9, Nesterov: True",Std,97.318,97.34400000000001,97.5,97.54,75
660,tanh,Adamax,"beta_1: 0.9, beta_2: 0.95",Std,97.17800000000001,97.34400000000001,97.22,97.54,42
650,tanh,adam,"amsgrad: True, beta_1: 0.9, beta_2: 0.999",Std,97.256,97.34399999999998,97.38,97.66,76
46,softsign,Adadelta,Default,Normd,97.28999999999999,97.34200000000001,97.39,97.45,97
648,tanh,adam,"amsgrad: False, beta_1: 0.9, beta_2: 0.9999",Std,97.256,97.34200000000001,97.38,97.61999999999999,86
711,relu,Nadam,"beta_1: 0.9, beta_2: 0.95",Std,97.11999999999999,97.342,97.2,97.58,23
199,relu,Nadam,"beta_1: 0.95, beta_2: 0.9",Normd,96.614,97.342,96.75,97.71,24
632,tanh,sgd,"Momentum: 0.95, Nesterov: True",Std,97.264,97.34,97.4,97.48,91
207,elu,sgd,"Momentum: 0.0, Nesterov: True",Normd,97.33800000000001,97.33800000000001,97.48,97.48,99
931,hard_sigmoid,Nadam,"beta_1: 0.9, beta_2: 0.95",Std,97.22,97.33600000000001,97.28,97.52,56
645,tanh,adam,"amsgrad: False, beta_1: 0.95, beta_2: 0.9999",Std,97.288,97.33599999999998,97.44,97.63,90
701,relu,Adamax,"beta_1: 0.95, beta_2: 0.95",Std,97.062,97.334,97.14,97.52,18
965,LeakyReLU,Adamax,"beta_1: 0.95, beta_2: 0.95",Std,97.11800000000001,97.334,97.24000000000001,97.58,86
608,sigmoid,adam,"amsgrad: True, beta_1: 0.9, beta_2: 0.9999",Std,97.272,97.334,97.37,97.55,90
156,tanh,Nadam,"beta_1: 0.9, beta_2: 0.9",Normd,97.23600000000002,97.332,97.34,97.53,51
60,LeakyReLU,Adadelta,Default,Normd,97.33000000000001,97.33000000000001,97.41,97.43,99
559,hard_sigmoid,rmsp,Default,Std,97.262,97.33000000000001,97.5,97.54,75
4,sigmoid,Adadelta,Default,Normd,97.312,97.32799999999999,97.42,97.48,95
926,hard_sigmoid,Nadam,"beta_1: 0.95, beta_2: 0.999",Std,97.23200000000001,97.32600000000001,97.3,97.53,69
594,sigmoid,rmsp,rho: 0.999,Std,97.244,97.324,97.37,97.55,64
622,sigmoid,Nadam,"beta_1: 0.9, beta_2: 0.9",Std,97.22800000000001,97.324,97.36,97.50999999999999,26
917,hard_sigmoid,Adamax,"beta_1: 0.99, beta_2: 0.9999",Std,97.316,97.322,97.5,97.59,89
77,sigmoid,sgd,"Momentum: 0.9, Nesterov: True",Normd,97.32,97.322,97.41,97.45,95
912,hard_sigmoid,adam,"amsgrad: False, beta_1: 0.9, beta_2: 0.9999",Std,97.194,97.322,97.41,97.53,78
56,LeakyReLU,rmsp,Default,Normd,97.21399999999998,97.32,97.32,97.49,81
913,hard_sigmoid,adam,"amsgrad: True, beta_1: 0.95, beta_2: 0.9999",Std,97.228,97.318,97.47,97.55,86
621,sigmoid,Nadam,"beta_1: 0.95, beta_2: 0.9",Std,97.194,97.316,97.3,97.56,45
458,LeakyReLU,Adamax,"beta_1: 0.9, beta_2: 0.95",Normd,97.316,97.316,97.4,97.43,99
437,LeakyReLU,rmsp,rho: 0.9999,Normd,97.19,97.31400000000001,97.42,97.57000000000001,63
192,relu,Adamax,"beta_1: 0.9, beta_2: 0.9",Normd,96.86599999999999,97.31200000000001,97.02,97.5,20
520,tanh,Adagrad,Default,Std,97.264,97.31,97.34,97.45,98
897,hard_sigmoid,sgd,"Momentum: 0.99, Nesterov: True",Std,97.198,97.306,97.31,97.52,80
907,hard_sigmoid,Adadelta,rho: 0.999,Std,97.226,97.30399999999999,97.4,97.57000000000001,94
994,ThresholdedReLU,Adadelta,rho: 0.99,Std,97.19,97.30199999999999,97.28999999999999,97.59,45
927,hard_sigmoid,Nadam,"beta_1: 0.95, beta_2: 0.99",Std,97.202,97.30199999999999,97.26,97.52,78
129,tanh,rmsp,rho: 0.9999,Normd,97.27,97.30199999999999,97.37,97.47,94
393,hard_sigmoid,rmsp,rho: 0.9999,Normd,97.26199999999999,97.30199999999999,97.35000000000001,97.54,87
667,tanh,Nadam,"beta_1: 0.9, beta_2: 0.95",Std,97.224,97.30199999999999,97.46000000000001,97.52,64
908,hard_sigmoid,Adadelta,rho: 0.9999,Std,97.22200000000001,97.298,97.39,97.5,81
566,LeakyReLU,rmsp,Default,Std,97.262,97.29600000000002,97.38,97.52,77
841,softplus,Nadam,"beta_1: 0.95, beta_2: 0.9",Std,94.474,97.294,94.76,97.55,14
518,tanh,adam,Default,Std,97.13799999999999,97.294,97.33000000000001,97.55,80
902,hard_sigmoid,rmsp,rho: 0.999,Std,97.11399999999999,97.29,97.28999999999999,97.53,74
928,hard_sigmoid,Nadam,"beta_1: 0.95, beta_2: 0.95",Std,97.19800000000001,97.28999999999999,97.32,97.57000000000001,98
578,ThresholdedReLU,Adamax,Default,Std,97.21,97.28999999999999,97.37,97.54,57
635,tanh,rmsp,rho: 0.5,Std,97.23599999999999,97.288,97.42,97.44,81
589,sigmoid,sgd,"Momentum: 0.99, Nesterov: True",Std,97.22999999999999,97.288,97.35000000000001,97.65,71
646,tanh,adam,"amsgrad: False, beta_1: 0.9, beta_2: 0.999",Std,97.20400000000001,97.288,97.42,97.52,93
23,elu,sgd,Default,Normd,97.27799999999999,97.284,97.32,97.38,98
899,hard_sigmoid,rmsp,rho: 0.5,Std,97.16999999999999,97.28399999999999,97.27,97.47,73
614,sigmoid,Adamax,"beta_1: 0.9, beta_2: 0.9",Std,97.184,97.28399999999999,97.31,97.5,94
921,hard_sigmoid,Adamax,"beta_1: 0.95, beta_2: 0.95",Std,97.234,97.28200000000001,97.4,97.56,70
71,sigmoid,sgd,"Momentum: 0.9, Nesterov: False",Normd,97.28200000000001,97.28200000000001,97.44,97.44,99
1002,ThresholdedReLU,adam,"amsgrad: True, beta_1: 0.9, beta_2: 0.999",Std,97.15400000000001,97.28000000000002,97.32,97.46000000000001,31
968,LeakyReLU,Adamax,"beta_1: 0.9, beta_2: 0.95",Std,97.172,97.27799999999999,97.22,97.49,90
911,hard_sigmoid,adam,"amsgrad: False, beta_1: 0.95, beta_2: 0.999",Std,97.27200000000002,97.27799999999999,97.45,97.54,94
922,hard_sigmoid,Adamax,"beta_1: 0.9, beta_2: 0.9",Std,97.22399999999999,97.27600000000001,97.37,97.48,59
123,tanh,sgd,"Momentum: 0.99, Nesterov: True",Normd,97.224,97.274,97.41,97.49,90
350,softsign,Adadelta,rho: 0.5,Normd,97.248,97.272,97.33000000000001,97.4,97
891,hard_sigmoid,sgd,"Momentum: 0.99, Nesterov: False",Std,97.126,97.27,97.28,97.47,83
459,LeakyReLU,Nadam,"beta_1: 0.9, beta_2: 0.99",Normd,97.158,97.26799999999999,97.38,97.50999999999999,87
820,softplus,Adadelta,rho: 0.9999,Std,96.90200000000002,97.262,97.16,97.54,95
460,LeakyReLU,Nadam,"beta_1: 0.95, beta_2: 0.999",Normd,97.158,97.25800000000001,97.2,97.43,35
461,LeakyReLU,Nadam,"beta_1: 0.95, beta_2: 0.99",Normd,97.126,97.258,97.28999999999999,97.5,51
658,tanh,Adamax,"beta_1: 0.9, beta_2: 0.9",Std,97.16199999999999,97.258,97.37,97.45,75
462,LeakyReLU,Nadam,"beta_1: 0.95, beta_2: 0.95",Normd,97.01599999999999,97.256,97.19,97.41,82
909,hard_sigmoid,adam,"amsgrad: False, beta_1: 0.95, beta_2: 0.9999",Std,97.19200000000001,97.254,97.41,97.47,94
155,tanh,Nadam,"beta_1: 0.95, beta_2: 0.9",Normd,97.048,97.25200000000001,97.14,97.45,25
62,LeakyReLU,Nadam,Default,Normd,97.17799999999998,97.24999999999999,97.27,97.5,64
930,hard_sigmoid,Nadam,"beta_1: 0.9, beta_2: 0.9",Std,97.072,97.24999999999999,97.14,97.47,76
853,softsign,sgd,"Momentum: 0.99, Nesterov: True",Std,97.194,97.248,97.27,97.45,77
932,LeakyReLU,sgd,"Momentum: 0.1, Nesterov: False",Std,97.17200000000001,97.248,97.23,97.35000000000001,95
456,LeakyReLU,Adamax,"beta_1: 0.9, beta_2: 0.9",Normd,97.11399999999999,97.24600000000001,97.23,97.35000000000001,71
859,softsign,rmsp,rho: 0.9999,Std,97.24400000000001,97.24400000000001,97.55,97.55,99
647,tanh,adam,"amsgrad: False, beta_1: 0.95, beta_2: 0.999",Std,97.176,97.24200000000002,97.41,97.56,40
583,sigmoid,sgd,"Momentum: 0.99, Nesterov: False",Std,97.22,97.24000000000001,97.36,97.5,67
568,LeakyReLU,sgd,Default,Std,97.234,97.24000000000001,97.32,97.37,98
576,ThresholdedReLU,Adagrad,Default,Std,97.238,97.238,97.36,97.47,99
643,tanh,Adadelta,rho: 0.999,Std,97.22199999999998,97.23,97.31,97.47,97
847,softsign,sgd,"Momentum: 0.99, Nesterov: False",Std,97.168,97.23,97.27,97.41,77
465,LeakyReLU,Nadam,"beta_1: 0.9, beta_2: 0.95",Normd,97.05199999999999,97.226,97.17,97.43,47
1011,ThresholdedReLU,Adamax,"beta_1: 0.9, beta_2: 0.99",Std,96.94200000000001,97.218,97.17,97.37,50
938,LeakyReLU,sgd,"Momentum: 0.1, Nesterov: True",Std,97.132,97.21400000000001,97.3,97.39,98
523,tanh,Nadam,Default,Std,97.21399999999998,97.21399999999998,97.35000000000001,97.41,99
662,tanh,Nadam,"beta_1: 0.95, beta_2: 0.999",Std,97.126,97.21,97.34,97.45,84
937,LeakyReLU,sgd,"Momentum: 0.0, Nesterov: True",Std,97.17399999999999,97.20400000000001,97.21,97.3,86
125,tanh,rmsp,rho: 0.5,Normd,97.202,97.202,97.28,97.31,99
664,tanh,Nadam,"beta_1: 0.95, beta_2: 0.95",Std,97.088,97.19800000000001,97.31,97.54,58
638,tanh,rmsp,rho: 0.999,Std,97.066,97.198,97.26,97.42,91
464,LeakyReLU,Nadam,"beta_1: 0.9, beta_2: 0.9",Normd,97.08200000000001,97.19200000000001,97.27,97.43,45
665,tanh,Nadam,"beta_1: 0.95, beta_2: 0.9",Std,97.16000000000001,97.19,97.23,97.31,89
666,tanh,Nadam,"beta_1: 0.9, beta_2: 0.9",Std,97.08400000000002,97.184,97.24000000000001,97.32,67
1007,ThresholdedReLU,Adamax,"beta_1: 0.95, beta_2: 0.999",Std,97.11599999999999,97.18199999999999,97.43,97.53,74
929,hard_sigmoid,Nadam,"beta_1: 0.95, beta_2: 0.9",Std,97.078,97.18199999999999,97.1,97.36,37
663,tanh,Nadam,"beta_1: 0.95, beta_2: 0.99",Std,97.144,97.18000000000002,97.37,97.45,83
81,sigmoid,rmsp,rho: 0.5,Normd,97.15599999999999,97.18,97.33000000000001,97.36,86
661,tanh,Nadam,"beta_1: 0.9, beta_2: 0.99",Std,97.14,97.17399999999999,97.34,97.44,67
117,tanh,sgd,"Momentum: 0.99, Nesterov: False",Normd,97.074,97.17,97.24000000000001,97.43,65
811,softplus,rmsp,rho: 0.5,Std,96.828,97.16600000000003,97.07000000000001,97.47,9
463,LeakyReLU,Nadam,"beta_1: 0.95, beta_2: 0.9",Normd,97.11800000000001,97.15199999999999,97.27,97.33000000000001,70
169,relu,rmsp,rho: 0.5,Normd,97.02399999999999,97.15,97.32,97.46000000000001,75
577,ThresholdedReLU,Adadelta,Default,Std,96.982,97.15,97.14,97.43,42
1004,ThresholdedReLU,adam,"amsgrad: True, beta_1: 0.9, beta_2: 0.9999",Std,97.018,97.148,97.14,97.5,62
998,ThresholdedReLU,adam,"amsgrad: False, beta_1: 0.9, beta_2: 0.999",Std,97.004,97.144,97.08,97.4,49
966,LeakyReLU,Adamax,"beta_1: 0.9, beta_2: 0.9",Std,97.00800000000001,97.134,97.13000000000001,97.34,79
569,LeakyReLU,Adagrad,Default,Std,97.104,97.116,97.14,97.19,97
977,ThresholdedReLU,sgd,"Momentum: 0.9, Nesterov: False",Std,96.98599999999999,97.11399999999999,97.07000000000001,97.24000000000001,92
38,softplus,Adagrad,Default,Normd,97.08600000000001,97.102,97.18,97.19,98
679,relu,rmsp,rho: 0.5,Std,96.96000000000001,97.10000000000001,97.08,97.33000000000001,81
983,ThresholdedReLU,sgd,"Momentum: 0.9, Nesterov: True",Std,96.946,97.09,97.13000000000001,97.25,41
992,ThresholdedReLU,Adadelta,rho: 0.5,Std,96.974,97.088,97.1,97.27,58
993,ThresholdedReLU,Adadelta,rho: 0.9,Std,96.99800000000002,97.088,97.23,97.37,45
1000,ThresholdedReLU,adam,"amsgrad: False, beta_1: 0.9, beta_2: 0.9999",Std,96.918,97.078,97.17,97.72,32
969,LeakyReLU,Nadam,"beta_1: 0.9, beta_2: 0.99",Std,96.91000000000001,97.07600000000001,97.1,97.28999999999999,39
574,ThresholdedReLU,adam,Default,Std,97.04599999999999,97.074,97.25,97.45,52
572,LeakyReLU,Nadam,Default,Std,96.786,97.07000000000001,97.14,97.26,62
948,LeakyReLU,Adadelta,rho: 0.5,Std,97.044,97.06800000000001,97.16,97.19,95
1003,ThresholdedReLU,adam,"amsgrad: True, beta_1: 0.95, beta_2: 0.999",Std,96.828,97.068,96.97,97.41,53
1014,ThresholdedReLU,Nadam,"beta_1: 0.95, beta_2: 0.999",Std,96.878,97.068,97.21,97.35000000000001,64
995,ThresholdedReLU,Adadelta,rho: 0.999,Std,97.01600000000002,97.05999999999999,97.19,97.25,50
975,LeakyReLU,Nadam,"beta_1: 0.9, beta_2: 0.95",Std,96.886,97.05999999999999,97.11999999999999,97.27,52
710,relu,Nadam,"beta_1: 0.9, beta_2: 0.9",Std,96.26199999999999,97.05200000000002,96.47,97.26,14
1008,ThresholdedReLU,Adamax,"beta_1: 0.95, beta_2: 0.99",Std,96.89599999999999,97.04599999999999,96.98,97.35000000000001,32
844,softsign,sgd,"Momentum: 0.1, Nesterov: False",Std,97.042,97.042,97.11,97.24000000000001,99
850,softsign,sgd,"Momentum: 0.1, Nesterov: True",Std,97.02400000000002,97.04,97.19,97.19,95
345,softsign,rmsp,rho: 0.5,Normd,96.94800000000001,97.03200000000001,97.06,97.21,94
999,ThresholdedReLU,adam,"amsgrad: False, beta_1: 0.95, beta_2: 0.999",Std,96.92999999999999,97.028,97.13000000000001,97.3,54
815,softplus,rmsp,rho: 0.9999,Std,96.94,97.02,97.13000000000001,97.37,97
971,LeakyReLU,Nadam,"beta_1: 0.95, beta_2: 0.99",Std,96.832,97.018,97.02,97.33000000000001,58
974,LeakyReLU,Nadam,"beta_1: 0.9, beta_2: 0.9",Std,96.88,97.01400000000001,96.99,97.16,55
554,softsign,sgd,Default,Std,97.004,97.012,97.09,97.18,94
10,tanh,Adagrad,Default,Normd,96.99199999999999,97.012,97.11,97.13000000000001,97
575,ThresholdedReLU,sgd,Default,Std,96.968,97.01,97.15,97.18,98
981,ThresholdedReLU,sgd,"Momentum: 0.0, Nesterov: True",Std,97.00599999999999,97.00599999999999,97.09,97.13000000000001,99
988,ThresholdedReLU,rmsp,rho: 0.99,Std,96.83800000000001,96.99799999999999,97.17,97.38,25
972,LeakyReLU,Nadam,"beta_1: 0.95, beta_2: 0.95",Std,96.898,96.99600000000001,97.0,97.31,71
970,LeakyReLU,Nadam,"beta_1: 0.95, beta_2: 0.999",Std,96.83,96.99200000000002,96.99,97.27,62
940,LeakyReLU,sgd,"Momentum: 0.95, Nesterov: True",Std,96.57600000000001,96.98800000000001,96.86,97.19,80
1001,ThresholdedReLU,adam,"amsgrad: True, beta_1: 0.95, beta_2: 0.9999",Std,96.84000000000002,96.98800000000001,97.09,97.32,73
982,ThresholdedReLU,sgd,"Momentum: 0.1, Nesterov: True",Std,96.97799999999998,96.97799999999998,97.13000000000001,97.19,99
579,ThresholdedReLU,Nadam,Default,Std,96.90200000000002,96.96999999999998,97.0,97.25,39
555,softsign,Adagrad,Default,Std,96.946,96.964,97.09,97.14,98
973,LeakyReLU,Nadam,"beta_1: 0.95, beta_2: 0.9",Std,96.75200000000001,96.956,96.95,97.25,38
301,softplus,rmsp,rho: 0.5,Normd,96.294,96.952,96.53,97.24000000000001,22
976,ThresholdedReLU,sgd,"Momentum: 0.1, Nesterov: False",Std,96.89999999999999,96.95,97.00999999999999,97.11999999999999,87
438,LeakyReLU,Adadelta,rho: 0.5,Normd,96.85600000000001,96.948,96.93,97.11,98
997,ThresholdedReLU,adam,"amsgrad: False, beta_1: 0.95, beta_2: 0.9999",Std,96.74800000000002,96.946,96.98,97.25,59
1006,ThresholdedReLU,Adamax,"beta_1: 0.99, beta_2: 0.999",Std,96.804,96.936,97.00999999999999,97.31,51
943,LeakyReLU,rmsp,rho: 0.5,Std,96.78799999999998,96.93400000000001,97.04,97.11999999999999,92
1005,ThresholdedReLU,Adamax,"beta_1: 0.99, beta_2: 0.9999",Std,96.906,96.932,97.08,97.22,73
389,hard_sigmoid,rmsp,rho: 0.5,Normd,96.924,96.924,97.02,97.1,99
441,LeakyReLU,Adadelta,rho: 0.999,Normd,96.702,96.922,96.91,97.33000000000001,96
59,LeakyReLU,Adagrad,Default,Normd,96.91600000000001,96.91600000000001,96.99,96.99,99
595,sigmoid,rmsp,rho: 0.9999,Std,96.844,96.916,96.99,97.08,82
709,relu,Nadam,"beta_1: 0.95, beta_2: 0.9",Std,95.38600000000001,96.914,95.62,97.23,10
849,softsign,sgd,"Momentum: 0.0, Nesterov: True",Std,96.878,96.90800000000002,97.06,97.11999999999999,97
984,ThresholdedReLU,sgd,"Momentum: 0.95, Nesterov: True",Std,96.796,96.904,96.95,97.16,35
644,tanh,Adadelta,rho: 0.9999,Std,96.76200000000001,96.898,96.87,97.09,80
120,tanh,sgd,"Momentum: 0.1, Nesterov: True",Normd,96.83999999999999,96.87400000000001,96.96000000000001,97.04,95
702,relu,Adamax,"beta_1: 0.9, beta_2: 0.9",Std,96.102,96.86999999999999,96.49,97.19,13
428,LeakyReLU,sgd,"Momentum: 0.1, Nesterov: True",Normd,96.868,96.868,96.98,97.0,99
422,LeakyReLU,sgd,"Momentum: 0.1, Nesterov: False",Normd,96.83999999999999,96.83999999999999,96.88,96.9,99
427,LeakyReLU,sgd,"Momentum: 0.0, Nesterov: True",Normd,96.83800000000001,96.83800000000001,96.97,96.97,97
978,ThresholdedReLU,sgd,"Momentum: 0.95, Nesterov: False",Std,96.68399999999998,96.83399999999999,96.88,97.1,85
989,ThresholdedReLU,rmsp,rho: 0.95,Std,96.61,96.83,96.75,97.17,34
562,hard_sigmoid,Adagrad,Default,Std,96.83,96.83,97.02,97.02,99
934,LeakyReLU,sgd,"Momentum: 0.95, Nesterov: False",Std,96.566,96.828,96.85000000000001,97.1,43
58,LeakyReLU,sgd,Default,Normd,96.798,96.82400000000001,96.87,96.9,98
1015,ThresholdedReLU,Nadam,"beta_1: 0.95, beta_2: 0.99",Std,96.56,96.814,96.96000000000001,97.09,29
573,ThresholdedReLU,rmsp,Default,Std,96.33200000000001,96.80799999999999,96.52,97.15,14
114,tanh,sgd,"Momentum: 0.1, Nesterov: False",Normd,96.8,96.8,96.88,96.95,99
1013,ThresholdedReLU,Nadam,"beta_1: 0.9, beta_2: 0.99",Std,96.48800000000001,96.798,96.57,97.06,22
513,sigmoid,Adagrad,Default,Std,96.782,96.78799999999998,96.85000000000001,96.88,95
173,relu,rmsp,rho: 0.9999,Normd,96.618,96.784,96.86,97.19,39
9,tanh,sgd,Default,Normd,96.728,96.728,96.78999999999999,96.84,99
119,tanh,sgd,"Momentum: 0.0, Nesterov: True",Normd,96.706,96.706,96.75,96.82,99
252,selu,sgd,"Momentum: 0.1, Nesterov: True",Normd,96.64999999999999,96.702,96.72,96.83,95
167,relu,sgd,"Momentum: 0.99, Nesterov: True",Normd,96.35000000000001,96.7,96.54,97.00999999999999,52
80,sigmoid,sgd,"Momentum: 0.999, Nesterov: True",Normd,96.69399999999999,96.69399999999999,96.84,96.96000000000001,99
688,relu,Adadelta,rho: 0.9999,Std,96.532,96.684,96.78,97.13000000000001,95
987,ThresholdedReLU,rmsp,rho: 0.5,Std,96.47,96.66,96.61,97.04,84
31,selu,Adagrad,Default,Normd,96.648,96.656,96.76,96.76,97
246,selu,sgd,"Momentum: 0.1, Nesterov: False",Normd,96.64200000000001,96.64200000000001,96.8,96.82,99
74,sigmoid,sgd,"Momentum: 0.999, Nesterov: False",Normd,96.512,96.62200000000001,96.66,96.87,97
251,selu,sgd,"Momentum: 0.0, Nesterov: True",Normd,96.602,96.61,96.78,96.78999999999999,96
433,LeakyReLU,rmsp,rho: 0.5,Normd,96.488,96.60400000000001,96.64,96.8,95
30,selu,sgd,Default,Normd,96.59,96.59599999999999,96.7,96.7,95
45,softsign,Adagrad,Default,Normd,96.59,96.59,96.74000000000001,96.78,99
161,relu,sgd,"Momentum: 0.99, Nesterov: False",Normd,96.38399999999999,96.52,96.50999999999999,96.76,60
633,tanh,sgd,"Momentum: 0.99, Nesterov: True",Std,96.48400000000001,96.492,96.69,96.74000000000001,97
627,tanh,sgd,"Momentum: 0.99, Nesterov: False",Std,96.36200000000001,96.45400000000001,96.44,96.64,89
334,softsign,sgd,"Momentum: 0.1, Nesterov: False",Normd,96.426,96.426,96.59,96.59,99
68,ThresholdedReLU,Adamax,Default,Normd,96.184,96.42200000000001,96.38,96.81,34
67,ThresholdedReLU,Adadelta,Default,Normd,96.30600000000001,96.40599999999999,96.58,96.7,83
1012,ThresholdedReLU,Adamax,"beta_1: 0.9, beta_2: 0.95",Std,95.74199999999999,96.39,95.77,96.85000000000001,23
951,LeakyReLU,Adadelta,rho: 0.999,Std,95.822,96.38799999999999,96.4,96.85000000000001,91
340,softsign,sgd,"Momentum: 0.1, Nesterov: True",Normd,96.384,96.384,96.47,96.48,99
683,relu,rmsp,rho: 0.9999,Std,96.286,96.374,96.67999999999999,96.78,68
388,hard_sigmoid,sgd,"Momentum: 0.999, Nesterov: True",Normd,96.214,96.35999999999999,96.38,96.72,93
290,softplus,sgd,"Momentum: 0.1, Nesterov: False",Normd,96.296,96.296,96.41999999999999,96.41999999999999,99
639,tanh,rmsp,rho: 0.9999,Std,96.218,96.286,96.33,96.61,88
44,softsign,sgd,Default,Normd,96.22,96.268,96.3,96.34,98
339,softsign,sgd,"Momentum: 0.0, Nesterov: True",Normd,96.248,96.248,96.48,96.48,99
296,softplus,sgd,"Momentum: 0.1, Nesterov: True",Normd,96.244,96.244,96.33,96.33,99
888,hard_sigmoid,sgd,"Momentum: 0.1, Nesterov: False",Std,96.234,96.236,96.5,96.50999999999999,98
483,ThresholdedReLU,Adadelta,rho: 0.9,Normd,95.85000000000001,96.21000000000001,96.09,96.58,45
52,hard_sigmoid,Adagrad,Default,Normd,96.182,96.182,96.28999999999999,96.28999999999999,99
497,ThresholdedReLU,Adamax,"beta_1: 0.95, beta_2: 0.999",Normd,95.838,96.136,96.05,96.41999999999999,31
382,hard_sigmoid,sgd,"Momentum: 0.999, Nesterov: False",Normd,95.94200000000001,96.13400000000001,96.25,96.58,96
1019,ThresholdedReLU,Nadam,"beta_1: 0.9, beta_2: 0.95",Std,95.486,96.13,96.02000000000001,96.65,15
295,softplus,sgd,"Momentum: 0.0, Nesterov: True",Normd,96.12400000000001,96.12400000000001,96.31,96.33,99
501,ThresholdedReLU,Adamax,"beta_1: 0.9, beta_2: 0.99",Normd,95.58200000000001,96.10600000000001,96.22,96.86,38
485,ThresholdedReLU,Adadelta,rho: 0.999,Normd,95.852,96.08000000000001,96.05,96.4,72
894,hard_sigmoid,sgd,"Momentum: 0.1, Nesterov: True",Std,96.07,96.07,96.19,96.19,99
3,sigmoid,Adagrad,Default,Normd,96.06,96.06,96.17999999999999,96.17999999999999,99
903,hard_sigmoid,rmsp,rho: 0.9999,Std,96.006,96.04799999999999,96.25,96.44,97
37,softplus,sgd,Default,Normd,96.04599999999999,96.04599999999999,96.24000000000001,96.24000000000001,99
586,sigmoid,sgd,"Momentum: 0.1, Nesterov: True",Std,96.042,96.042,96.17999999999999,96.19,99
580,sigmoid,sgd,"Momentum: 0.1, Nesterov: False",Std,96.03999999999999,96.03999999999999,96.25,96.25,99
484,ThresholdedReLU,Adadelta,rho: 0.99,Normd,95.704,96.036,95.97,96.52,40
561,hard_sigmoid,sgd,Default,Std,96.02999999999999,96.02999999999999,96.17,96.17,99
1016,ThresholdedReLU,Nadam,"beta_1: 0.95, beta_2: 0.95",Std,94.998,95.992,95.84,96.41,22
990,ThresholdedReLU,rmsp,rho: 0.999,Std,95.766,95.98,96.23,96.44,34
211,elu,sgd,"Momentum: 0.99, Nesterov: True",Normd,10.994,95.96199999999999,12.590000000000002,96.46000000000001,10
996,ThresholdedReLU,Adadelta,rho: 0.9999,Std,95.84600000000002,95.916,96.26,96.5,89
498,ThresholdedReLU,Adamax,"beta_1: 0.95, beta_2: 0.99",Normd,95.292,95.914,95.74000000000001,96.25,29
585,sigmoid,sgd,"Momentum: 0.0, Nesterov: True",Std,95.89999999999999,95.906,96.05,96.05,98
893,hard_sigmoid,sgd,"Momentum: 0.0, Nesterov: True",Std,95.89000000000001,95.89000000000001,96.12,96.12,99
512,sigmoid,sgd,Default,Std,95.888,95.888,95.99,95.99,99
488,ThresholdedReLU,adam,"amsgrad: False, beta_1: 0.9, beta_2: 0.999",Normd,95.34799999999998,95.856,95.73,96.34,16
479,ThresholdedReLU,rmsp,rho: 0.95,Normd,91.144,95.854,92.15,96.1,7
1009,ThresholdedReLU,Adamax,"beta_1: 0.95, beta_2: 0.95",Std,91.26200000000001,95.85,94.91000000000001,96.35000000000001,7
1018,ThresholdedReLU,Nadam,"beta_1: 0.9, beta_2: 0.9",Std,91.128,95.748,93.93,96.31,6
492,ThresholdedReLU,adam,"amsgrad: True, beta_1: 0.9, beta_2: 0.999",Normd,95.222,95.744,96.08,96.53,16
482,ThresholdedReLU,Adadelta,rho: 0.5,Normd,95.658,95.734,96.28,96.44,72
494,ThresholdedReLU,adam,"amsgrad: True, beta_1: 0.9, beta_2: 0.9999",Normd,95.34799999999998,95.728,95.59,96.02000000000001,31
493,ThresholdedReLU,adam,"amsgrad: True, beta_1: 0.95, beta_2: 0.999",Normd,95.25399999999999,95.724,95.78,96.4,13
66,ThresholdedReLU,Adagrad,Default,Normd,95.684,95.684,96.25,96.31,99
63,ThresholdedReLU,rmsp,Default,Normd,86.636,95.66600000000001,89.16,96.22,12
205,elu,sgd,"Momentum: 0.99, Nesterov: False",Normd,13.088000000000003,95.59599999999999,18.41,96.00999999999999,10
496,ThresholdedReLU,Adamax,"beta_1: 0.99, beta_2: 0.999",Normd,95.04599999999999,95.58,95.25,95.85000000000001,38
490,ThresholdedReLU,adam,"amsgrad: False, beta_1: 0.9, beta_2: 0.9999",Normd,94.80000000000001,95.456,95.72,96.28,17
468,ThresholdedReLU,sgd,"Momentum: 0.95, Nesterov: False",Normd,95.162,95.43599999999999,95.65,95.97,67
590,sigmoid,sgd,"Momentum: 0.999, Nesterov: True",Std,95.36800000000001,95.41999999999999,95.46,95.74000000000001,90
495,ThresholdedReLU,Adamax,"beta_1: 0.99, beta_2: 0.9999",Normd,95.052,95.41400000000002,96.34,96.39,32
584,sigmoid,sgd,"Momentum: 0.999, Nesterov: False",Std,95.244,95.318,95.7,95.7,94
1017,ThresholdedReLU,Nadam,"beta_1: 0.95, beta_2: 0.9",Std,87.64,95.296,92.64,95.83,6
489,ThresholdedReLU,adam,"amsgrad: False, beta_1: 0.95, beta_2: 0.999",Normd,94.56200000000001,95.27999999999999,95.57,96.3,22
504,ThresholdedReLU,Nadam,"beta_1: 0.95, beta_2: 0.999",Normd,94.78,95.272,95.43,96.02000000000001,16
505,ThresholdedReLU,Nadam,"beta_1: 0.95, beta_2: 0.99",Normd,91.156,95.236,93.15,95.74000000000001,13
503,ThresholdedReLU,Nadam,"beta_1: 0.9, beta_2: 0.99",Normd,91.096,95.216,92.16,95.92,12
502,ThresholdedReLU,Adamax,"beta_1: 0.9, beta_2: 0.95",Normd,83.37999999999998,95.206,89.46,95.47,12
487,ThresholdedReLU,adam,"amsgrad: False, beta_1: 0.95, beta_2: 0.9999",Normd,94.61999999999999,95.184,95.91,96.11,17
478,ThresholdedReLU,rmsp,rho: 0.99,Normd,93.46799999999999,95.174,94.85,96.17999999999999,20
474,ThresholdedReLU,sgd,"Momentum: 0.95, Nesterov: True",Normd,95.01800000000001,95.16600000000001,95.27,95.69,68
491,ThresholdedReLU,adam,"amsgrad: True, beta_1: 0.95, beta_2: 0.9999",Normd,94.298,94.96400000000001,95.36,95.73,17
467,ThresholdedReLU,sgd,"Momentum: 0.9, Nesterov: False",Normd,94.52999999999999,94.88,95.42,95.78999999999999,50
466,ThresholdedReLU,sgd,"Momentum: 0.1, Nesterov: False",Normd,94.86399999999999,94.86399999999999,95.50999999999999,95.56,99
473,ThresholdedReLU,sgd,"Momentum: 0.9, Nesterov: True",Normd,94.576,94.762,94.82000000000001,95.57,67
471,ThresholdedReLU,sgd,"Momentum: 0.0, Nesterov: True",Normd,94.758,94.758,95.17,95.25,99
477,ThresholdedReLU,rmsp,rho: 0.5,Normd,91.002,94.72800000000001,92.14,95.30999999999999,7
1010,ThresholdedReLU,Adamax,"beta_1: 0.9, beta_2: 0.9",Std,88.36600000000001,94.69200000000001,93.63,95.50999999999999,5
509,ThresholdedReLU,Nadam,"beta_1: 0.9, beta_2: 0.95",Normd,78.80999999999999,94.656,80.63,95.30999999999999,6
472,ThresholdedReLU,sgd,"Momentum: 0.1, Nesterov: True",Normd,94.59199999999998,94.65400000000001,95.04,95.23,90
480,ThresholdedReLU,rmsp,rho: 0.999,Normd,93.97399999999999,94.64,94.89,95.54,12
991,ThresholdedReLU,rmsp,rho: 0.9999,Std,94.30799999999999,94.528,94.87,95.17,54
486,ThresholdedReLU,Adadelta,rho: 0.9999,Normd,94.25000000000001,94.526,94.8,95.43,36
809,softplus,sgd,"Momentum: 0.99, Nesterov: True",Std,29.522000000000006,94.492,55.75,94.92,4
65,ThresholdedReLU,sgd,Default,Normd,94.42600000000002,94.47800000000001,94.85,94.85,96
431,LeakyReLU,sgd,"Momentum: 0.99, Nesterov: True",Normd,10.48,94.368,11.35,94.9,8
64,ThresholdedReLU,adam,Default,Normd,93.07,94.338,95.44,95.98,8
499,ThresholdedReLU,Adamax,"beta_1: 0.95, beta_2: 0.95",Normd,77.38199999999999,94.32199999999999,80.01,94.87,12
898,hard_sigmoid,sgd,"Momentum: 0.999, Nesterov: True",Std,94.30799999999999,94.32199999999999,94.67,94.87,98
506,ThresholdedReLU,Nadam,"beta_1: 0.95, beta_2: 0.95",Normd,74.8,94.31200000000001,77.84,94.84,5
442,LeakyReLU,Adadelta,rho: 0.9999,Normd,35.958000000000006,93.97400000000002,45.2,95.91,5
70,sigmoid,sgd,"Momentum: 0.1, Nesterov: False",Normd,93.90799999999999,93.90799999999999,93.99,93.99,99
76,sigmoid,sgd,"Momentum: 0.1, Nesterov: True",Normd,93.90599999999999,93.90599999999999,94.08999999999999,94.08999999999999,99
892,hard_sigmoid,sgd,"Momentum: 0.999, Nesterov: False",Std,93.89199999999998,93.89199999999998,94.19,94.35,99
378,hard_sigmoid,sgd,"Momentum: 0.1, Nesterov: False",Normd,93.88,93.88,93.94,93.94,99
384,hard_sigmoid,sgd,"Momentum: 0.1, Nesterov: True",Normd,93.854,93.854,93.9,93.9,99
75,sigmoid,sgd,"Momentum: 0.0, Nesterov: True",Normd,93.714,93.714,93.81,93.81,99
508,ThresholdedReLU,Nadam,"beta_1: 0.9, beta_2: 0.9",Normd,78.36200000000001,93.65200000000002,79.2,94.78999999999999,6
383,hard_sigmoid,sgd,"Momentum: 0.0, Nesterov: True",Normd,93.632,93.632,93.78999999999999,93.78999999999999,99
51,hard_sigmoid,sgd,Default,Normd,93.54799999999999,93.54799999999999,93.64,93.64,99
2,sigmoid,sgd,Default,Normd,93.542,93.542,93.66,93.66,99
803,softplus,sgd,"Momentum: 0.99, Nesterov: False",Std,40.858000000000004,93.502,51.800000000000004,94.21000000000001,3
507,ThresholdedReLU,Nadam,"beta_1: 0.95, beta_2: 0.9",Normd,79.71600000000001,93.238,83.63000000000001,94.31,2
500,ThresholdedReLU,Adamax,"beta_1: 0.9, beta_2: 0.9",Normd,77.762,92.996,83.22,94.21000000000001,5
425,LeakyReLU,sgd,"Momentum: 0.99, Nesterov: False",Normd,10.169999999999998,92.676,11.35,93.27,2
69,ThresholdedReLU,Nadam,Default,Normd,89.79599999999999,92.548,95.77,96.15,32
255,selu,sgd,"Momentum: 0.99, Nesterov: True",Normd,10.636000000000001,91.166,11.35,91.35,0
677,relu,sgd,"Momentum: 0.99, Nesterov: True",Std,15.394,90.718,25.09,91.4,0
344,softsign,sgd,"Momentum: 0.999, Nesterov: True",Normd,18.701999999999998,90.17199999999998,29.64,90.53,1
338,softsign,sgd,"Momentum: 0.999, Nesterov: False",Normd,16.451999999999998,89.35600000000001,21.029999999999998,90.21000000000001,0
481,ThresholdedReLU,rmsp,rho: 0.9999,Normd,88.138,89.25599999999999,93.12,93.97999999999999,27
469,ThresholdedReLU,sgd,"Momentum: 0.99, Nesterov: False",Normd,86.274,88.28800000000001,90.91,92.61,7
979,ThresholdedReLU,sgd,"Momentum: 0.99, Nesterov: False",Std,43.078,88.08,55.410000000000004,91.08000000000001,1
854,softsign,sgd,"Momentum: 0.999, Nesterov: True",Std,29.715999999999998,87.978,39.39,88.52,0
985,ThresholdedReLU,sgd,"Momentum: 0.99, Nesterov: True",Std,40.488,87.902,62.519999999999996,92.3,6
671,relu,sgd,"Momentum: 0.99, Nesterov: False",Std,17.028,87.77799999999999,29.659999999999997,89.78,1
124,tanh,sgd,"Momentum: 0.999, Nesterov: True",Normd,11.044,86.982,11.35,87.37,0
848,softsign,sgd,"Momentum: 0.999, Nesterov: False",Std,33.583999999999996,86.312,39.129999999999995,86.46000000000001,0
721,elu,sgd,"Momentum: 0.99, Nesterov: True",Std,10.59,86.18200000000002,11.35,87.6,0
118,tanh,sgd,"Momentum: 0.999, Nesterov: False",Normd,14.168,85.23200000000001,25.44,83.41,0
475,ThresholdedReLU,sgd,"Momentum: 0.99, Nesterov: True",Normd,84.15199999999999,85.218,91.56,92.67,24
634,tanh,sgd,"Momentum: 0.999, Nesterov: True",Std,53.394,83.776,65.14,82.74000000000001,0
300,softplus,sgd,"Momentum: 0.999, Nesterov: True",Normd,10.822000000000001,81.146,11.35,83.9,0
727,elu,rmsp,rho: 0.9999,Std,79.636,79.72,97.38,97.45,81
628,tanh,sgd,"Momentum: 0.999, Nesterov: False",Std,15.058000000000002,79.71000000000001,20.669999999999998,79.3,0
952,LeakyReLU,Adadelta,rho: 0.9999,Std,29.286,78.118,45.4,96.0,18
294,softplus,sgd,"Momentum: 0.999, Nesterov: False",Normd,18.852,75.486,42.34,74.78,0
715,elu,sgd,"Momentum: 0.99, Nesterov: False",Std,10.194,73.62599999999999,11.469999999999999,79.16,0
947,LeakyReLU,rmsp,rho: 0.9999,Std,64.758,64.85600000000001,85.2,85.5,93
249,selu,sgd,"Momentum: 0.99, Nesterov: False",Normd,10.207999999999998,63.080000000000005,10.280000000000001,65.78,0
162,relu,sgd,"Momentum: 0.999, Nesterov: False",Normd,12.203999999999999,61.636,14.549999999999999,66.84,0
168,relu,sgd,"Momentum: 0.999, Nesterov: True",Normd,10.634000000000002,49.814,11.35,59.589999999999996,0
986,ThresholdedReLU,sgd,"Momentum: 0.999, Nesterov: True",Std,10.982,31.594,12.86,27.73,0
476,ThresholdedReLU,sgd,"Momentum: 0.999, Nesterov: True",Normd,10.56,30.403999999999996,12.08,24.83,0
980,ThresholdedReLU,sgd,"Momentum: 0.999, Nesterov: False",Std,11.558000000000002,28.814,16.75,34.160000000000004,0
470,ThresholdedReLU,sgd,"Momentum: 0.999, Nesterov: False",Normd,10.656000000000002,22.650000000000002,13.05,25.28,0
426,LeakyReLU,sgd,"Momentum: 0.999, Nesterov: False",Normd,11.862000000000002,19.948,16.54,30.409999999999997,0
672,relu,sgd,"Momentum: 0.999, Nesterov: False",Std,9.879999999999999,17.688,10.280000000000001,36.75,1
678,relu,sgd,"Momentum: 0.999, Nesterov: True",Std,10.292000000000002,17.295999999999996,11.35,15.21,0
250,selu,sgd,"Momentum: 0.999, Nesterov: False",Normd,10.234000000000002,16.232,11.35,25.81,0
804,softplus,sgd,"Momentum: 0.999, Nesterov: False",Std,9.873999999999999,15.985999999999997,10.1,19.06,0
722,elu,sgd,"Momentum: 0.999, Nesterov: True",Std,12.584000000000001,15.57,19.48,25.25,83
765,selu,sgd,"Momentum: 0.99, Nesterov: True",Std,9.927999999999999,15.265999999999998,10.32,26.200000000000003,0
716,elu,sgd,"Momentum: 0.999, Nesterov: False",Std,12.516,14.777999999999999,21.12,21.17,0
256,selu,sgd,"Momentum: 0.999, Nesterov: True",Normd,14.506,14.601999999999999,23.14,23.32,0
759,selu,sgd,"Momentum: 0.99, Nesterov: False",Std,9.84,14.433999999999997,10.32,24.04,0
206,elu,sgd,"Momentum: 0.999, Nesterov: False",Normd,10.106,14.065999999999997,11.35,21.87,0
941,LeakyReLU,sgd,"Momentum: 0.99, Nesterov: True",Std,10.018,14.064000000000002,10.280000000000001,23.39,0
432,LeakyReLU,sgd,"Momentum: 0.999, Nesterov: True",Normd,11.54,12.560000000000002,17.72,17.82,0
936,LeakyReLU,sgd,"Momentum: 0.999, Nesterov: False",Std,11.128,12.442,12.839999999999998,17.169999999999998,0
766,selu,sgd,"Momentum: 0.999, Nesterov: True",Std,11.71,11.806000000000001,14.280000000000001,14.280000000000001,0
810,softplus,sgd,"Momentum: 0.999, Nesterov: True",Std,10.576,11.741999999999999,11.35,17.71,31
935,LeakyReLU,sgd,"Momentum: 0.99, Nesterov: False",Std,10.186,11.366000000000001,10.32,11.82,0
212,elu,sgd,"Momentum: 0.999, Nesterov: True",Normd,11.312000000000003,11.312000000000003,15.2,15.2,99
942,LeakyReLU,sgd,"Momentum: 0.999, Nesterov: True",Std,11.221999999999998,11.221999999999998,16.46,16.46,99
760,selu,sgd,"Momentum: 0.999, Nesterov: False",Std,9.584000000000001,10.245999999999999,10.1,12.13,0
